"","prediccion"
"1","EAP"
"2","MWS"
"3","MWS"
"4","MWS"
"5","MWS"
"6","MWS"
"7","MWS"
"8","EAP"
"9","MWS"
"10","MWS"
"11","EAP"
"12","EAP"
"13","EAP"
"14","EAP"
"15","EAP"
"16","MWS"
"17","EAP"
"18","MWS"
"19","EAP"
"20","EAP"
"21","MWS"
"22","MWS"
"23","EAP"
"24","MWS"
"25","MWS"
"26","EAP"
"27","MWS"
"28","MWS"
"29","EAP"
"30","EAP"
"31","MWS"
"32","MWS"
"33","MWS"
"34","MWS"
"35","EAP"
"36","HPL"
"37","MWS"
"38","EAP"
"39","EAP"
"40","EAP"
"41","MWS"
"42","EAP"
"43","EAP"
"44","MWS"
"45","EAP"
"46","MWS"
"47","MWS"
"48","EAP"
"49","EAP"
"50","EAP"
"51","MWS"
"52","MWS"
"53","EAP"
"54","MWS"
"55","EAP"
"56","EAP"
"57","EAP"
"58","EAP"
"59","MWS"
"60","EAP"
"61","MWS"
"62","EAP"
"63","MWS"
"64","MWS"
"65","MWS"
"66","MWS"
"67","MWS"
"68","MWS"
"69","MWS"
"70","EAP"
"71","MWS"
"72","HPL"
"73","MWS"
"74","MWS"
"75","EAP"
"76","EAP"
"77","EAP"
"78","HPL"
"79","EAP"
"80","MWS"
"81","EAP"
"82","EAP"
"83","EAP"
"84","MWS"
"85","MWS"
"86","EAP"
"87","MWS"
"88","EAP"
"89","MWS"
"90","EAP"
"91","EAP"
"92","MWS"
"93","EAP"
"94","MWS"
"95","MWS"
"96","MWS"
"97","MWS"
"98","EAP"
"99","MWS"
"100","MWS"
"101","EAP"
"102","EAP"
"103","MWS"
"104","EAP"
"105","EAP"
"106","EAP"
"107","MWS"
"108","EAP"
"109","MWS"
"110","MWS"
"111","MWS"
"112","MWS"
"113","MWS"
"114","EAP"
"115","EAP"
"116","EAP"
"117","EAP"
"118","MWS"
"119","MWS"
"120","MWS"
"121","EAP"
"122","MWS"
"123","MWS"
"124","EAP"
"125","HPL"
"126","MWS"
"127","MWS"
"128","EAP"
"129","MWS"
"130","MWS"
"131","MWS"
"132","EAP"
"133","EAP"
"134","HPL"
"135","EAP"
"136","MWS"
"137","EAP"
"138","EAP"
"139","MWS"
"140","MWS"
"141","MWS"
"142","EAP"
"143","MWS"
"144","MWS"
"145","EAP"
"146","EAP"
"147","EAP"
"148","MWS"
"149","EAP"
"150","EAP"
"151","MWS"
"152","EAP"
"153","MWS"
"154","MWS"
"155","MWS"
"156","EAP"
"157","MWS"
"158","EAP"
"159","MWS"
"160","MWS"
"161","EAP"
"162","MWS"
"163","MWS"
"164","MWS"
"165","EAP"
"166","EAP"
"167","HPL"
"168","MWS"
"169","MWS"
"170","MWS"
"171","EAP"
"172","MWS"
"173","EAP"
"174","EAP"
"175","EAP"
"176","EAP"
"177","MWS"
"178","MWS"
"179","MWS"
"180","EAP"
"181","MWS"
"182","MWS"
"183","MWS"
"184","MWS"
"185","EAP"
"186","MWS"
"187","MWS"
"188","MWS"
"189","EAP"
"190","EAP"
"191","EAP"
"192","HPL"
"193","EAP"
"194","MWS"
"195","MWS"
"196","MWS"
"197","MWS"
"198","EAP"
"199","MWS"
"200","MWS"
"201","MWS"
"202","MWS"
"203","MWS"
"204","EAP"
"205","MWS"
"206","EAP"
"207","MWS"
"208","EAP"
"209","EAP"
"210","MWS"
"211","MWS"
"212","MWS"
"213","EAP"
"214","MWS"
"215","EAP"
"216","HPL"
"217","MWS"
"218","MWS"
"219","EAP"
"220","EAP"
"221","EAP"
"222","MWS"
"223","EAP"
"224","EAP"
"225","MWS"
"226","EAP"
"227","MWS"
"228","MWS"
"229","MWS"
"230","MWS"
"231","MWS"
"232","MWS"
"233","HPL"
"234","MWS"
"235","EAP"
"236","MWS"
"237","MWS"
"238","EAP"
"239","MWS"
"240","MWS"
"241","EAP"
"242","EAP"
"243","EAP"
"244","MWS"
"245","EAP"
"246","EAP"
"247","MWS"
"248","EAP"
"249","EAP"
"250","MWS"
"251","HPL"
"252","MWS"
"253","MWS"
"254","EAP"
"255","MWS"
"256","EAP"
"257","EAP"
"258","MWS"
"259","MWS"
"260","EAP"
"261","EAP"
"262","EAP"
"263","MWS"
"264","EAP"
"265","HPL"
"266","MWS"
"267","MWS"
"268","MWS"
"269","EAP"
"270","EAP"
"271","MWS"
"272","MWS"
"273","MWS"
"274","EAP"
"275","EAP"
"276","MWS"
"277","MWS"
"278","MWS"
"279","MWS"
"280","EAP"
"281","EAP"
"282","MWS"
"283","MWS"
"284","MWS"
"285","MWS"
"286","MWS"
"287","MWS"
"288","MWS"
"289","EAP"
"290","EAP"
"291","MWS"
"292","EAP"
"293","EAP"
"294","MWS"
"295","MWS"
"296","MWS"
"297","MWS"
"298","EAP"
"299","MWS"
"300","EAP"
"301","MWS"
"302","MWS"
"303","MWS"
"304","EAP"
"305","MWS"
"306","EAP"
"307","EAP"
"308","MWS"
"309","HPL"
"310","EAP"
"311","MWS"
"312","MWS"
"313","EAP"
"314","EAP"
"315","EAP"
"316","EAP"
"317","EAP"
"318","EAP"
"319","MWS"
"320","MWS"
"321","MWS"
"322","MWS"
"323","MWS"
"324","MWS"
"325","MWS"
"326","MWS"
"327","MWS"
"328","EAP"
"329","EAP"
"330","MWS"
"331","EAP"
"332","MWS"
"333","MWS"
"334","MWS"
"335","EAP"
"336","EAP"
"337","MWS"
"338","MWS"
"339","EAP"
"340","MWS"
"341","EAP"
"342","EAP"
"343","MWS"
"344","EAP"
"345","EAP"
"346","MWS"
"347","EAP"
"348","MWS"
"349","EAP"
"350","MWS"
"351","EAP"
"352","MWS"
"353","EAP"
"354","MWS"
"355","MWS"
"356","EAP"
"357","MWS"
"358","HPL"
"359","EAP"
"360","MWS"
"361","EAP"
"362","MWS"
"363","EAP"
"364","MWS"
"365","MWS"
"366","MWS"
"367","EAP"
"368","MWS"
"369","EAP"
"370","MWS"
"371","EAP"
"372","MWS"
"373","MWS"
"374","EAP"
"375","MWS"
"376","MWS"
"377","EAP"
"378","MWS"
"379","EAP"
"380","MWS"
"381","MWS"
"382","HPL"
"383","MWS"
"384","MWS"
"385","EAP"
"386","EAP"
"387","EAP"
"388","MWS"
"389","MWS"
"390","EAP"
"391","MWS"
"392","EAP"
"393","MWS"
"394","EAP"
"395","MWS"
"396","MWS"
"397","EAP"
"398","EAP"
"399","EAP"
"400","MWS"
"401","MWS"
"402","EAP"
"403","MWS"
"404","EAP"
"405","EAP"
"406","MWS"
"407","EAP"
"408","MWS"
"409","EAP"
"410","MWS"
"411","EAP"
"412","MWS"
"413","MWS"
"414","MWS"
"415","EAP"
"416","MWS"
"417","MWS"
"418","EAP"
"419","MWS"
"420","EAP"
"421","MWS"
"422","MWS"
"423","MWS"
"424","MWS"
"425","MWS"
"426","MWS"
"427","EAP"
"428","MWS"
"429","EAP"
"430","EAP"
"431","MWS"
"432","MWS"
"433","MWS"
"434","EAP"
"435","EAP"
"436","EAP"
"437","MWS"
"438","MWS"
"439","EAP"
"440","MWS"
"441","EAP"
"442","EAP"
"443","MWS"
"444","MWS"
"445","MWS"
"446","MWS"
"447","EAP"
"448","MWS"
"449","EAP"
"450","MWS"
"451","MWS"
"452","EAP"
"453","MWS"
"454","MWS"
"455","MWS"
"456","MWS"
"457","MWS"
"458","EAP"
"459","EAP"
"460","MWS"
"461","MWS"
"462","MWS"
"463","EAP"
"464","EAP"
"465","MWS"
"466","MWS"
"467","MWS"
"468","MWS"
"469","EAP"
"470","MWS"
"471","EAP"
"472","MWS"
"473","EAP"
"474","MWS"
"475","EAP"
"476","MWS"
"477","MWS"
"478","EAP"
"479","MWS"
"480","MWS"
"481","EAP"
"482","MWS"
"483","EAP"
"484","EAP"
"485","MWS"
"486","MWS"
"487","MWS"
"488","MWS"
"489","MWS"
"490","MWS"
"491","MWS"
"492","MWS"
"493","EAP"
"494","EAP"
"495","EAP"
"496","MWS"
"497","EAP"
"498","MWS"
"499","EAP"
"500","MWS"
"501","EAP"
"502","MWS"
"503","MWS"
"504","MWS"
"505","MWS"
"506","EAP"
"507","EAP"
"508","EAP"
"509","HPL"
"510","MWS"
"511","MWS"
"512","MWS"
"513","MWS"
"514","EAP"
"515","MWS"
"516","MWS"
"517","MWS"
"518","MWS"
"519","MWS"
"520","MWS"
"521","EAP"
"522","EAP"
"523","EAP"
"524","MWS"
"525","EAP"
"526","MWS"
"527","MWS"
"528","EAP"
"529","MWS"
"530","EAP"
"531","MWS"
"532","MWS"
"533","MWS"
"534","EAP"
"535","MWS"
"536","MWS"
"537","EAP"
"538","EAP"
"539","EAP"
"540","MWS"
"541","MWS"
"542","MWS"
"543","EAP"
"544","MWS"
"545","MWS"
"546","MWS"
"547","MWS"
"548","EAP"
"549","MWS"
"550","MWS"
"551","MWS"
"552","EAP"
"553","EAP"
"554","EAP"
"555","MWS"
"556","MWS"
"557","MWS"
"558","EAP"
"559","MWS"
"560","EAP"
"561","EAP"
"562","MWS"
"563","EAP"
"564","EAP"
"565","EAP"
"566","MWS"
"567","MWS"
"568","EAP"
"569","MWS"
"570","MWS"
"571","EAP"
"572","MWS"
"573","MWS"
"574","MWS"
"575","MWS"
"576","EAP"
"577","EAP"
"578","EAP"
"579","MWS"
"580","HPL"
"581","MWS"
"582","MWS"
"583","MWS"
"584","MWS"
"585","EAP"
"586","MWS"
"587","MWS"
"588","EAP"
"589","MWS"
"590","MWS"
"591","MWS"
"592","MWS"
"593","EAP"
"594","EAP"
"595","MWS"
"596","EAP"
"597","MWS"
"598","MWS"
"599","MWS"
"600","MWS"
"601","EAP"
"602","EAP"
"603","EAP"
"604","EAP"
"605","MWS"
"606","MWS"
"607","MWS"
"608","EAP"
"609","EAP"
"610","EAP"
"611","MWS"
"612","MWS"
"613","MWS"
"614","MWS"
"615","MWS"
"616","EAP"
"617","EAP"
"618","EAP"
"619","EAP"
"620","EAP"
"621","MWS"
"622","MWS"
"623","MWS"
"624","MWS"
"625","MWS"
"626","EAP"
"627","MWS"
"628","EAP"
"629","HPL"
"630","MWS"
"631","EAP"
"632","MWS"
"633","EAP"
"634","MWS"
"635","EAP"
"636","MWS"
"637","EAP"
"638","MWS"
"639","MWS"
"640","EAP"
"641","EAP"
"642","EAP"
"643","MWS"
"644","MWS"
"645","MWS"
"646","MWS"
"647","EAP"
"648","MWS"
"649","HPL"
"650","EAP"
"651","MWS"
"652","MWS"
"653","MWS"
"654","EAP"
"655","MWS"
"656","MWS"
"657","MWS"
"658","MWS"
"659","MWS"
"660","MWS"
"661","HPL"
"662","MWS"
"663","EAP"
"664","EAP"
"665","MWS"
"666","HPL"
"667","MWS"
"668","MWS"
"669","EAP"
"670","MWS"
"671","MWS"
"672","MWS"
"673","MWS"
"674","EAP"
"675","EAP"
"676","EAP"
"677","EAP"
"678","MWS"
"679","EAP"
"680","EAP"
"681","EAP"
"682","MWS"
"683","MWS"
"684","EAP"
"685","MWS"
"686","MWS"
"687","EAP"
"688","EAP"
"689","MWS"
"690","EAP"
"691","HPL"
"692","EAP"
"693","MWS"
"694","EAP"
"695","EAP"
"696","EAP"
"697","HPL"
"698","MWS"
"699","EAP"
"700","MWS"
"701","EAP"
"702","EAP"
"703","EAP"
"704","EAP"
"705","MWS"
"706","EAP"
"707","EAP"
"708","EAP"
"709","MWS"
"710","EAP"
"711","EAP"
"712","MWS"
"713","MWS"
"714","EAP"
"715","MWS"
"716","MWS"
"717","EAP"
"718","EAP"
"719","MWS"
"720","MWS"
"721","MWS"
"722","MWS"
"723","MWS"
"724","MWS"
"725","MWS"
"726","EAP"
"727","EAP"
"728","MWS"
"729","MWS"
"730","MWS"
"731","EAP"
"732","MWS"
"733","MWS"
"734","EAP"
"735","EAP"
"736","EAP"
"737","MWS"
"738","MWS"
"739","EAP"
"740","MWS"
"741","MWS"
"742","EAP"
"743","MWS"
"744","MWS"
"745","MWS"
"746","MWS"
"747","MWS"
"748","MWS"
"749","EAP"
"750","EAP"
"751","MWS"
"752","EAP"
"753","EAP"
"754","MWS"
"755","MWS"
"756","EAP"
"757","EAP"
"758","MWS"
"759","EAP"
"760","EAP"
"761","MWS"
"762","EAP"
"763","MWS"
"764","EAP"
"765","HPL"
"766","MWS"
"767","EAP"
"768","HPL"
"769","MWS"
"770","MWS"
"771","MWS"
"772","MWS"
"773","MWS"
"774","EAP"
"775","EAP"
"776","EAP"
"777","EAP"
"778","EAP"
"779","MWS"
"780","MWS"
"781","EAP"
"782","EAP"
"783","MWS"
"784","HPL"
"785","EAP"
"786","EAP"
"787","EAP"
"788","EAP"
"789","EAP"
"790","MWS"
"791","MWS"
"792","MWS"
"793","MWS"
"794","MWS"
"795","HPL"
"796","MWS"
"797","EAP"
"798","MWS"
"799","EAP"
"800","MWS"
"801","MWS"
"802","MWS"
"803","MWS"
"804","MWS"
"805","MWS"
"806","MWS"
"807","MWS"
"808","MWS"
"809","MWS"
"810","EAP"
"811","MWS"
"812","EAP"
"813","EAP"
"814","MWS"
"815","EAP"
"816","HPL"
"817","EAP"
"818","HPL"
"819","EAP"
"820","EAP"
"821","MWS"
"822","MWS"
"823","MWS"
"824","MWS"
"825","EAP"
"826","EAP"
"827","EAP"
"828","MWS"
"829","MWS"
"830","MWS"
"831","EAP"
"832","MWS"
"833","EAP"
"834","EAP"
"835","EAP"
"836","EAP"
"837","EAP"
"838","EAP"
"839","MWS"
"840","EAP"
"841","EAP"
"842","EAP"
"843","MWS"
"844","MWS"
"845","EAP"
"846","MWS"
"847","EAP"
"848","EAP"
"849","MWS"
"850","MWS"
"851","MWS"
"852","MWS"
"853","MWS"
"854","MWS"
"855","MWS"
"856","MWS"
"857","MWS"
"858","MWS"
"859","MWS"
"860","EAP"
"861","EAP"
"862","MWS"
"863","EAP"
"864","MWS"
"865","EAP"
"866","MWS"
"867","EAP"
"868","EAP"
"869","MWS"
"870","MWS"
"871","EAP"
"872","EAP"
"873","EAP"
"874","MWS"
"875","MWS"
"876","MWS"
"877","EAP"
"878","EAP"
"879","EAP"
"880","MWS"
"881","MWS"
"882","MWS"
"883","MWS"
"884","MWS"
"885","MWS"
"886","EAP"
"887","MWS"
"888","MWS"
"889","EAP"
"890","EAP"
"891","EAP"
"892","EAP"
"893","EAP"
"894","EAP"
"895","MWS"
"896","EAP"
"897","EAP"
"898","MWS"
"899","EAP"
"900","EAP"
"901","MWS"
"902","MWS"
"903","HPL"
"904","MWS"
"905","EAP"
"906","EAP"
"907","EAP"
"908","MWS"
"909","EAP"
"910","MWS"
"911","HPL"
"912","EAP"
"913","MWS"
"914","MWS"
"915","MWS"
"916","EAP"
"917","MWS"
"918","EAP"
"919","MWS"
"920","EAP"
"921","MWS"
"922","EAP"
"923","EAP"
"924","EAP"
"925","EAP"
"926","MWS"
"927","MWS"
"928","EAP"
"929","MWS"
"930","MWS"
"931","MWS"
"932","MWS"
"933","EAP"
"934","EAP"
"935","MWS"
"936","MWS"
"937","MWS"
"938","MWS"
"939","MWS"
"940","MWS"
"941","MWS"
"942","HPL"
"943","EAP"
"944","EAP"
"945","EAP"
"946","MWS"
"947","MWS"
"948","EAP"
"949","EAP"
"950","MWS"
"951","MWS"
"952","EAP"
"953","MWS"
"954","MWS"
"955","MWS"
"956","EAP"
"957","MWS"
"958","EAP"
"959","MWS"
"960","EAP"
"961","MWS"
"962","EAP"
"963","MWS"
"964","MWS"
"965","MWS"
"966","MWS"
"967","MWS"
"968","EAP"
"969","MWS"
"970","EAP"
"971","EAP"
"972","MWS"
"973","EAP"
"974","EAP"
"975","MWS"
"976","EAP"
"977","EAP"
"978","MWS"
"979","EAP"
"980","MWS"
"981","MWS"
"982","EAP"
"983","EAP"
"984","MWS"
"985","MWS"
"986","MWS"
"987","MWS"
"988","MWS"
"989","MWS"
"990","MWS"
"991","EAP"
"992","MWS"
"993","MWS"
"994","MWS"
"995","MWS"
"996","EAP"
"997","MWS"
"998","MWS"
"999","MWS"
"1000","MWS"
"1001","EAP"
"1002","MWS"
"1003","MWS"
"1004","MWS"
"1005","EAP"
"1006","MWS"
"1007","EAP"
"1008","MWS"
"1009","EAP"
"1010","MWS"
"1011","EAP"
"1012","MWS"
"1013","MWS"
"1014","MWS"
"1015","MWS"
"1016","MWS"
"1017","MWS"
"1018","EAP"
"1019","EAP"
"1020","MWS"
"1021","MWS"
"1022","EAP"
"1023","MWS"
"1024","EAP"
"1025","EAP"
"1026","EAP"
"1027","EAP"
"1028","MWS"
"1029","MWS"
"1030","MWS"
"1031","MWS"
"1032","MWS"
"1033","MWS"
"1034","MWS"
"1035","MWS"
"1036","MWS"
"1037","EAP"
"1038","EAP"
"1039","MWS"
"1040","EAP"
"1041","EAP"
"1042","HPL"
"1043","MWS"
"1044","EAP"
"1045","EAP"
"1046","MWS"
"1047","MWS"
"1048","EAP"
"1049","MWS"
"1050","MWS"
"1051","MWS"
"1052","EAP"
"1053","MWS"
"1054","MWS"
"1055","EAP"
"1056","MWS"
"1057","MWS"
"1058","EAP"
"1059","EAP"
"1060","MWS"
"1061","EAP"
"1062","MWS"
"1063","MWS"
"1064","EAP"
"1065","EAP"
"1066","MWS"
"1067","MWS"
"1068","MWS"
"1069","MWS"
"1070","EAP"
"1071","MWS"
"1072","MWS"
"1073","HPL"
"1074","MWS"
"1075","MWS"
"1076","EAP"
"1077","MWS"
"1078","MWS"
"1079","EAP"
"1080","MWS"
"1081","HPL"
"1082","EAP"
"1083","MWS"
"1084","MWS"
"1085","EAP"
"1086","EAP"
"1087","EAP"
"1088","EAP"
"1089","EAP"
"1090","EAP"
"1091","EAP"
"1092","EAP"
"1093","MWS"
"1094","EAP"
"1095","HPL"
"1096","EAP"
"1097","MWS"
"1098","MWS"
"1099","MWS"
"1100","MWS"
"1101","EAP"
"1102","EAP"
"1103","EAP"
"1104","EAP"
"1105","MWS"
"1106","EAP"
"1107","MWS"
"1108","MWS"
"1109","EAP"
"1110","MWS"
"1111","EAP"
"1112","EAP"
"1113","MWS"
"1114","MWS"
"1115","MWS"
"1116","MWS"
"1117","EAP"
"1118","MWS"
"1119","EAP"
"1120","HPL"
"1121","MWS"
"1122","MWS"
"1123","MWS"
"1124","EAP"
"1125","MWS"
"1126","EAP"
"1127","MWS"
"1128","MWS"
"1129","MWS"
"1130","EAP"
"1131","MWS"
"1132","MWS"
"1133","MWS"
"1134","MWS"
"1135","MWS"
"1136","EAP"
"1137","MWS"
"1138","EAP"
"1139","MWS"
"1140","EAP"
"1141","EAP"
"1142","HPL"
"1143","MWS"
"1144","EAP"
"1145","MWS"
"1146","EAP"
"1147","MWS"
"1148","MWS"
"1149","MWS"
"1150","MWS"
"1151","MWS"
"1152","MWS"
"1153","EAP"
"1154","MWS"
"1155","EAP"
"1156","MWS"
"1157","EAP"
"1158","MWS"
"1159","MWS"
"1160","MWS"
"1161","MWS"
"1162","MWS"
"1163","EAP"
"1164","MWS"
"1165","EAP"
"1166","EAP"
"1167","MWS"
"1168","EAP"
"1169","MWS"
"1170","MWS"
"1171","EAP"
"1172","MWS"
"1173","MWS"
"1174","HPL"
"1175","EAP"
"1176","EAP"
"1177","MWS"
"1178","EAP"
"1179","EAP"
"1180","MWS"
"1181","MWS"
"1182","MWS"
"1183","MWS"
"1184","EAP"
"1185","MWS"
"1186","EAP"
"1187","MWS"
"1188","MWS"
"1189","MWS"
"1190","MWS"
"1191","MWS"
"1192","EAP"
"1193","EAP"
"1194","EAP"
"1195","EAP"
"1196","EAP"
"1197","MWS"
"1198","MWS"
"1199","MWS"
"1200","EAP"
"1201","MWS"
"1202","EAP"
"1203","EAP"
"1204","EAP"
"1205","EAP"
"1206","EAP"
"1207","MWS"
"1208","MWS"
"1209","MWS"
"1210","MWS"
"1211","MWS"
"1212","EAP"
"1213","EAP"
"1214","EAP"
"1215","MWS"
"1216","EAP"
"1217","MWS"
"1218","EAP"
"1219","EAP"
"1220","MWS"
"1221","EAP"
"1222","MWS"
"1223","EAP"
"1224","MWS"
"1225","EAP"
"1226","MWS"
"1227","MWS"
"1228","EAP"
"1229","EAP"
"1230","HPL"
"1231","MWS"
"1232","MWS"
"1233","MWS"
"1234","MWS"
"1235","MWS"
"1236","MWS"
"1237","MWS"
"1238","MWS"
"1239","EAP"
"1240","EAP"
"1241","MWS"
"1242","MWS"
"1243","MWS"
"1244","EAP"
"1245","EAP"
"1246","MWS"
"1247","MWS"
"1248","MWS"
"1249","MWS"
"1250","MWS"
"1251","EAP"
"1252","EAP"
"1253","EAP"
"1254","EAP"
"1255","EAP"
"1256","MWS"
"1257","MWS"
"1258","EAP"
"1259","MWS"
"1260","EAP"
"1261","MWS"
"1262","MWS"
"1263","EAP"
"1264","MWS"
"1265","MWS"
"1266","MWS"
"1267","MWS"
"1268","MWS"
"1269","MWS"
"1270","MWS"
"1271","MWS"
"1272","MWS"
"1273","MWS"
"1274","MWS"
"1275","EAP"
"1276","EAP"
"1277","MWS"
"1278","EAP"
"1279","EAP"
"1280","EAP"
"1281","EAP"
"1282","EAP"
"1283","MWS"
"1284","EAP"
"1285","MWS"
"1286","EAP"
"1287","MWS"
"1288","MWS"
"1289","EAP"
"1290","MWS"
"1291","EAP"
"1292","HPL"
"1293","MWS"
"1294","EAP"
"1295","EAP"
"1296","MWS"
"1297","MWS"
"1298","MWS"
"1299","MWS"
"1300","EAP"
"1301","MWS"
"1302","MWS"
"1303","EAP"
"1304","HPL"
"1305","MWS"
"1306","EAP"
"1307","MWS"
"1308","HPL"
"1309","MWS"
"1310","MWS"
"1311","EAP"
"1312","EAP"
"1313","MWS"
"1314","MWS"
"1315","MWS"
"1316","MWS"
"1317","EAP"
"1318","MWS"
"1319","MWS"
"1320","EAP"
"1321","EAP"
"1322","EAP"
"1323","MWS"
"1324","EAP"
"1325","EAP"
"1326","MWS"
"1327","HPL"
"1328","MWS"
"1329","MWS"
"1330","EAP"
"1331","EAP"
"1332","MWS"
"1333","MWS"
"1334","EAP"
"1335","MWS"
"1336","EAP"
"1337","MWS"
"1338","EAP"
"1339","MWS"
"1340","HPL"
"1341","EAP"
"1342","MWS"
"1343","MWS"
"1344","MWS"
"1345","MWS"
"1346","EAP"
"1347","MWS"
"1348","EAP"
"1349","MWS"
"1350","MWS"
"1351","EAP"
"1352","MWS"
"1353","HPL"
"1354","EAP"
"1355","MWS"
"1356","MWS"
"1357","MWS"
"1358","MWS"
"1359","EAP"
"1360","EAP"
"1361","MWS"
"1362","MWS"
"1363","MWS"
"1364","MWS"
"1365","MWS"
"1366","EAP"
"1367","HPL"
"1368","MWS"
"1369","MWS"
"1370","MWS"
"1371","EAP"
"1372","EAP"
"1373","MWS"
"1374","MWS"
"1375","MWS"
"1376","HPL"
"1377","EAP"
"1378","EAP"
"1379","EAP"
"1380","MWS"
"1381","MWS"
"1382","EAP"
"1383","MWS"
"1384","EAP"
"1385","EAP"
"1386","EAP"
"1387","MWS"
"1388","MWS"
"1389","MWS"
"1390","MWS"
"1391","MWS"
"1392","MWS"
"1393","MWS"
"1394","EAP"
"1395","HPL"
"1396","EAP"
"1397","MWS"
"1398","MWS"
"1399","EAP"
"1400","EAP"
"1401","MWS"
"1402","EAP"
"1403","EAP"
"1404","MWS"
"1405","EAP"
"1406","EAP"
"1407","HPL"
"1408","MWS"
"1409","EAP"
"1410","MWS"
"1411","MWS"
"1412","MWS"
"1413","MWS"
"1414","HPL"
"1415","MWS"
"1416","MWS"
"1417","MWS"
"1418","MWS"
"1419","MWS"
"1420","MWS"
"1421","MWS"
"1422","MWS"
"1423","MWS"
"1424","MWS"
"1425","MWS"
"1426","EAP"
"1427","EAP"
"1428","HPL"
"1429","EAP"
"1430","MWS"
"1431","MWS"
"1432","EAP"
"1433","MWS"
"1434","EAP"
"1435","MWS"
"1436","EAP"
"1437","EAP"
"1438","EAP"
"1439","EAP"
"1440","EAP"
"1441","MWS"
"1442","EAP"
"1443","MWS"
"1444","EAP"
"1445","MWS"
"1446","MWS"
"1447","MWS"
"1448","EAP"
"1449","EAP"
"1450","EAP"
"1451","MWS"
"1452","MWS"
"1453","EAP"
"1454","MWS"
"1455","EAP"
"1456","MWS"
"1457","MWS"
"1458","EAP"
"1459","MWS"
"1460","EAP"
"1461","EAP"
"1462","MWS"
"1463","MWS"
"1464","EAP"
"1465","MWS"
"1466","MWS"
"1467","MWS"
"1468","MWS"
"1469","MWS"
"1470","EAP"
"1471","EAP"
"1472","MWS"
"1473","EAP"
"1474","MWS"
"1475","MWS"
"1476","MWS"
"1477","EAP"
"1478","MWS"
"1479","EAP"
"1480","MWS"
"1481","EAP"
"1482","MWS"
"1483","EAP"
"1484","MWS"
"1485","EAP"
"1486","EAP"
"1487","EAP"
"1488","MWS"
"1489","EAP"
"1490","MWS"
"1491","EAP"
"1492","HPL"
"1493","MWS"
"1494","MWS"
"1495","MWS"
"1496","EAP"
"1497","MWS"
"1498","EAP"
"1499","EAP"
"1500","MWS"
"1501","MWS"
"1502","MWS"
"1503","EAP"
"1504","MWS"
"1505","MWS"
"1506","EAP"
"1507","MWS"
"1508","MWS"
"1509","MWS"
"1510","MWS"
"1511","EAP"
"1512","MWS"
"1513","EAP"
"1514","EAP"
"1515","EAP"
"1516","EAP"
"1517","MWS"
"1518","MWS"
"1519","MWS"
"1520","MWS"
"1521","EAP"
"1522","MWS"
"1523","MWS"
"1524","EAP"
"1525","MWS"
"1526","EAP"
"1527","MWS"
"1528","MWS"
"1529","MWS"
"1530","EAP"
"1531","MWS"
"1532","MWS"
"1533","MWS"
"1534","EAP"
"1535","EAP"
"1536","MWS"
"1537","EAP"
"1538","EAP"
"1539","MWS"
"1540","HPL"
"1541","EAP"
"1542","MWS"
"1543","EAP"
"1544","EAP"
"1545","MWS"
"1546","MWS"
"1547","MWS"
"1548","MWS"
"1549","MWS"
"1550","EAP"
"1551","MWS"
"1552","MWS"
"1553","MWS"
"1554","MWS"
"1555","EAP"
"1556","MWS"
"1557","MWS"
"1558","MWS"
"1559","EAP"
"1560","EAP"
"1561","MWS"
"1562","EAP"
"1563","EAP"
"1564","MWS"
"1565","MWS"
"1566","MWS"
"1567","MWS"
"1568","HPL"
"1569","EAP"
"1570","MWS"
"1571","MWS"
"1572","MWS"
"1573","MWS"
"1574","MWS"
"1575","MWS"
"1576","EAP"
"1577","MWS"
"1578","EAP"
"1579","EAP"
"1580","MWS"
"1581","EAP"
"1582","HPL"
"1583","MWS"
"1584","MWS"
"1585","MWS"
"1586","EAP"
"1587","EAP"
"1588","EAP"
"1589","MWS"
"1590","MWS"
"1591","MWS"
"1592","EAP"
"1593","EAP"
"1594","EAP"
"1595","MWS"
"1596","HPL"
"1597","MWS"
"1598","HPL"
"1599","MWS"
"1600","EAP"
"1601","MWS"
"1602","MWS"
"1603","MWS"
"1604","MWS"
"1605","EAP"
"1606","EAP"
"1607","MWS"
"1608","EAP"
"1609","MWS"
"1610","EAP"
"1611","MWS"
"1612","MWS"
"1613","EAP"
"1614","MWS"
"1615","MWS"
"1616","EAP"
"1617","MWS"
"1618","MWS"
"1619","HPL"
"1620","MWS"
"1621","EAP"
"1622","MWS"
"1623","MWS"
"1624","EAP"
"1625","MWS"
"1626","EAP"
"1627","EAP"
"1628","EAP"
"1629","EAP"
"1630","MWS"
"1631","MWS"
"1632","MWS"
"1633","EAP"
"1634","MWS"
"1635","MWS"
"1636","MWS"
"1637","MWS"
"1638","EAP"
"1639","MWS"
"1640","EAP"
"1641","MWS"
"1642","MWS"
"1643","MWS"
"1644","EAP"
"1645","EAP"
"1646","MWS"
"1647","EAP"
"1648","EAP"
"1649","MWS"
"1650","MWS"
"1651","EAP"
"1652","EAP"
"1653","MWS"
"1654","MWS"
"1655","HPL"
"1656","MWS"
"1657","MWS"
"1658","EAP"
"1659","MWS"
"1660","MWS"
"1661","MWS"
"1662","MWS"
"1663","EAP"
"1664","MWS"
"1665","MWS"
"1666","EAP"
"1667","MWS"
"1668","EAP"
"1669","MWS"
"1670","EAP"
"1671","MWS"
"1672","MWS"
"1673","MWS"
"1674","EAP"
"1675","MWS"
"1676","MWS"
"1677","EAP"
"1678","HPL"
"1679","MWS"
"1680","EAP"
"1681","MWS"
"1682","MWS"
"1683","EAP"
"1684","MWS"
"1685","MWS"
"1686","EAP"
"1687","MWS"
"1688","MWS"
"1689","MWS"
"1690","MWS"
"1691","MWS"
"1692","MWS"
"1693","MWS"
"1694","MWS"
"1695","EAP"
"1696","EAP"
"1697","EAP"
"1698","EAP"
"1699","HPL"
"1700","EAP"
"1701","EAP"
"1702","EAP"
"1703","MWS"
"1704","EAP"
"1705","EAP"
"1706","EAP"
"1707","MWS"
"1708","MWS"
"1709","MWS"
"1710","EAP"
"1711","EAP"
"1712","MWS"
"1713","MWS"
"1714","MWS"
"1715","EAP"
"1716","EAP"
"1717","MWS"
"1718","MWS"
"1719","MWS"
"1720","MWS"
"1721","EAP"
"1722","MWS"
"1723","MWS"
"1724","EAP"
"1725","EAP"
"1726","MWS"
"1727","EAP"
"1728","MWS"
"1729","MWS"
"1730","EAP"
"1731","EAP"
"1732","MWS"
"1733","EAP"
"1734","MWS"
"1735","EAP"
"1736","EAP"
"1737","MWS"
"1738","EAP"
"1739","MWS"
"1740","MWS"
"1741","MWS"
"1742","MWS"
"1743","EAP"
"1744","MWS"
"1745","EAP"
"1746","MWS"
"1747","EAP"
"1748","MWS"
"1749","MWS"
"1750","EAP"
"1751","MWS"
"1752","MWS"
"1753","MWS"
"1754","MWS"
"1755","MWS"
"1756","MWS"
"1757","MWS"
"1758","MWS"
"1759","EAP"
"1760","MWS"
"1761","MWS"
"1762","EAP"
"1763","MWS"
"1764","MWS"
"1765","MWS"
"1766","MWS"
"1767","EAP"
"1768","MWS"
"1769","MWS"
"1770","HPL"
"1771","MWS"
"1772","MWS"
"1773","MWS"
"1774","MWS"
"1775","MWS"
"1776","EAP"
"1777","MWS"
"1778","MWS"
"1779","MWS"
"1780","HPL"
"1781","EAP"
"1782","MWS"
"1783","EAP"
"1784","EAP"
"1785","MWS"
"1786","EAP"
"1787","HPL"
"1788","MWS"
"1789","MWS"
"1790","MWS"
"1791","EAP"
"1792","EAP"
"1793","MWS"
"1794","MWS"
"1795","MWS"
"1796","MWS"
"1797","MWS"
"1798","MWS"
"1799","MWS"
"1800","EAP"
"1801","MWS"
"1802","MWS"
"1803","MWS"
"1804","MWS"
"1805","MWS"
"1806","EAP"
"1807","MWS"
"1808","MWS"
"1809","EAP"
"1810","EAP"
"1811","MWS"
"1812","MWS"
"1813","MWS"
"1814","MWS"
"1815","MWS"
"1816","MWS"
"1817","MWS"
"1818","EAP"
"1819","MWS"
"1820","MWS"
"1821","MWS"
"1822","MWS"
"1823","EAP"
"1824","HPL"
"1825","EAP"
"1826","MWS"
"1827","EAP"
"1828","MWS"
"1829","MWS"
"1830","MWS"
"1831","MWS"
"1832","MWS"
"1833","EAP"
"1834","MWS"
"1835","MWS"
"1836","MWS"
"1837","MWS"
"1838","EAP"
"1839","EAP"
"1840","EAP"
"1841","MWS"
"1842","EAP"
"1843","EAP"
"1844","MWS"
"1845","EAP"
"1846","EAP"
"1847","MWS"
"1848","EAP"
"1849","MWS"
"1850","EAP"
"1851","EAP"
"1852","MWS"
"1853","EAP"
"1854","EAP"
"1855","MWS"
"1856","MWS"
"1857","EAP"
"1858","EAP"
"1859","EAP"
"1860","MWS"
"1861","MWS"
"1862","EAP"
"1863","EAP"
"1864","EAP"
"1865","MWS"
"1866","EAP"
"1867","MWS"
"1868","EAP"
"1869","EAP"
"1870","HPL"
"1871","EAP"
"1872","EAP"
"1873","MWS"
"1874","MWS"
"1875","EAP"
"1876","MWS"
"1877","MWS"
"1878","EAP"
"1879","EAP"
"1880","MWS"
"1881","EAP"
"1882","EAP"
"1883","EAP"
"1884","EAP"
"1885","EAP"
"1886","EAP"
"1887","EAP"
"1888","EAP"
"1889","EAP"
"1890","MWS"
"1891","MWS"
"1892","MWS"
"1893","MWS"
"1894","EAP"
"1895","MWS"
"1896","MWS"
"1897","EAP"
"1898","MWS"
"1899","EAP"
"1900","MWS"
"1901","MWS"
"1902","EAP"
"1903","EAP"
"1904","EAP"
"1905","HPL"
"1906","EAP"
"1907","EAP"
"1908","EAP"
"1909","EAP"
"1910","MWS"
"1911","EAP"
"1912","MWS"
"1913","MWS"
"1914","MWS"
"1915","MWS"
"1916","EAP"
"1917","MWS"
"1918","MWS"
"1919","MWS"
"1920","MWS"
"1921","MWS"
"1922","EAP"
"1923","MWS"
"1924","MWS"
"1925","EAP"
"1926","EAP"
"1927","EAP"
"1928","EAP"
"1929","MWS"
"1930","EAP"
"1931","EAP"
"1932","EAP"
"1933","MWS"
"1934","HPL"
"1935","EAP"
"1936","MWS"
"1937","MWS"
"1938","MWS"
"1939","MWS"
"1940","EAP"
"1941","MWS"
"1942","MWS"
"1943","MWS"
"1944","MWS"
"1945","MWS"
"1946","MWS"
"1947","MWS"
"1948","EAP"
"1949","MWS"
"1950","MWS"
"1951","MWS"
"1952","MWS"
"1953","EAP"
"1954","MWS"
"1955","MWS"
"1956","EAP"
"1957","MWS"
"1958","MWS"
"1959","MWS"
"1960","EAP"
"1961","MWS"
"1962","MWS"
"1963","EAP"
"1964","MWS"
"1965","MWS"
"1966","MWS"
"1967","MWS"
"1968","EAP"
"1969","EAP"
"1970","MWS"
"1971","EAP"
"1972","EAP"
"1973","EAP"
"1974","MWS"
"1975","EAP"
"1976","MWS"
"1977","MWS"
"1978","MWS"
"1979","EAP"
"1980","MWS"
"1981","MWS"
"1982","MWS"
"1983","HPL"
"1984","EAP"
"1985","MWS"
"1986","MWS"
"1987","MWS"
"1988","MWS"
"1989","MWS"
"1990","MWS"
"1991","EAP"
"1992","MWS"
"1993","EAP"
"1994","EAP"
"1995","EAP"
"1996","EAP"
"1997","EAP"
"1998","MWS"
"1999","MWS"
"2000","EAP"
"2001","MWS"
"2002","MWS"
"2003","EAP"
"2004","MWS"
"2005","HPL"
"2006","EAP"
"2007","HPL"
"2008","MWS"
"2009","EAP"
"2010","MWS"
"2011","MWS"
"2012","MWS"
"2013","EAP"
"2014","HPL"
"2015","MWS"
"2016","HPL"
"2017","MWS"
"2018","EAP"
"2019","EAP"
"2020","MWS"
"2021","EAP"
"2022","MWS"
"2023","MWS"
"2024","EAP"
"2025","MWS"
"2026","EAP"
"2027","EAP"
"2028","MWS"
"2029","MWS"
"2030","EAP"
"2031","MWS"
"2032","MWS"
"2033","MWS"
"2034","MWS"
"2035","EAP"
"2036","EAP"
"2037","MWS"
"2038","MWS"
"2039","MWS"
"2040","MWS"
"2041","EAP"
"2042","EAP"
"2043","MWS"
"2044","MWS"
"2045","EAP"
"2046","EAP"
"2047","EAP"
"2048","HPL"
"2049","MWS"
"2050","HPL"
"2051","MWS"
"2052","MWS"
"2053","EAP"
"2054","EAP"
"2055","EAP"
"2056","EAP"
"2057","MWS"
"2058","EAP"
"2059","MWS"
"2060","EAP"
"2061","MWS"
"2062","MWS"
"2063","MWS"
"2064","EAP"
"2065","MWS"
"2066","MWS"
"2067","MWS"
"2068","EAP"
"2069","MWS"
"2070","MWS"
"2071","EAP"
"2072","MWS"
"2073","EAP"
"2074","MWS"
"2075","MWS"
"2076","MWS"
"2077","EAP"
"2078","EAP"
"2079","EAP"
"2080","EAP"
"2081","MWS"
"2082","MWS"
"2083","MWS"
"2084","MWS"
"2085","MWS"
"2086","EAP"
"2087","MWS"
"2088","MWS"
"2089","MWS"
"2090","MWS"
"2091","EAP"
"2092","MWS"
"2093","EAP"
"2094","MWS"
"2095","EAP"
"2096","EAP"
"2097","EAP"
"2098","MWS"
"2099","EAP"
"2100","EAP"
"2101","MWS"
"2102","MWS"
"2103","MWS"
"2104","MWS"
"2105","EAP"
"2106","MWS"
"2107","EAP"
"2108","EAP"
"2109","EAP"
"2110","EAP"
"2111","MWS"
"2112","MWS"
"2113","MWS"
"2114","MWS"
"2115","MWS"
"2116","MWS"
"2117","MWS"
"2118","MWS"
"2119","MWS"
"2120","EAP"
"2121","EAP"
"2122","MWS"
"2123","MWS"
"2124","MWS"
"2125","MWS"
"2126","MWS"
"2127","MWS"
"2128","MWS"
"2129","MWS"
"2130","EAP"
"2131","MWS"
"2132","MWS"
"2133","MWS"
"2134","MWS"
"2135","MWS"
"2136","EAP"
"2137","EAP"
"2138","MWS"
"2139","EAP"
"2140","MWS"
"2141","EAP"
"2142","MWS"
"2143","EAP"
"2144","MWS"
"2145","EAP"
"2146","MWS"
"2147","MWS"
"2148","MWS"
"2149","EAP"
"2150","EAP"
"2151","MWS"
"2152","EAP"
"2153","MWS"
"2154","EAP"
"2155","EAP"
"2156","MWS"
"2157","EAP"
"2158","MWS"
"2159","MWS"
"2160","MWS"
"2161","MWS"
"2162","MWS"
"2163","MWS"
"2164","MWS"
"2165","EAP"
"2166","MWS"
"2167","MWS"
"2168","HPL"
"2169","MWS"
"2170","MWS"
"2171","MWS"
"2172","MWS"
"2173","MWS"
"2174","MWS"
"2175","HPL"
"2176","MWS"
"2177","MWS"
"2178","MWS"
"2179","MWS"
"2180","MWS"
"2181","EAP"
"2182","MWS"
"2183","MWS"
"2184","EAP"
"2185","MWS"
"2186","MWS"
"2187","MWS"
"2188","MWS"
"2189","MWS"
"2190","MWS"
"2191","EAP"
"2192","MWS"
"2193","EAP"
"2194","EAP"
"2195","MWS"
"2196","HPL"
"2197","HPL"
"2198","EAP"
"2199","EAP"
"2200","MWS"
"2201","MWS"
"2202","MWS"
"2203","EAP"
"2204","EAP"
"2205","MWS"
"2206","EAP"
"2207","MWS"
"2208","EAP"
"2209","MWS"
"2210","MWS"
"2211","HPL"
"2212","MWS"
"2213","MWS"
"2214","EAP"
"2215","MWS"
"2216","EAP"
"2217","EAP"
"2218","EAP"
"2219","EAP"
"2220","EAP"
"2221","MWS"
"2222","MWS"
"2223","MWS"
"2224","EAP"
"2225","MWS"
"2226","EAP"
"2227","EAP"
"2228","EAP"
"2229","EAP"
"2230","EAP"
"2231","MWS"
"2232","EAP"
"2233","MWS"
"2234","MWS"
"2235","MWS"
"2236","MWS"
"2237","MWS"
"2238","MWS"
"2239","MWS"
"2240","EAP"
"2241","MWS"
"2242","MWS"
"2243","MWS"
"2244","EAP"
"2245","EAP"
"2246","MWS"
"2247","MWS"
"2248","EAP"
"2249","MWS"
"2250","EAP"
"2251","EAP"
"2252","MWS"
"2253","EAP"
"2254","EAP"
"2255","EAP"
"2256","MWS"
"2257","MWS"
"2258","MWS"
"2259","MWS"
"2260","EAP"
"2261","MWS"
"2262","MWS"
"2263","EAP"
"2264","MWS"
"2265","EAP"
"2266","EAP"
"2267","MWS"
"2268","MWS"
"2269","MWS"
"2270","MWS"
"2271","MWS"
"2272","EAP"
"2273","MWS"
"2274","EAP"
"2275","EAP"
"2276","EAP"
"2277","EAP"
"2278","MWS"
"2279","EAP"
"2280","HPL"
"2281","EAP"
"2282","MWS"
"2283","MWS"
"2284","EAP"
"2285","MWS"
"2286","MWS"
"2287","EAP"
"2288","MWS"
"2289","MWS"
"2290","MWS"
"2291","MWS"
"2292","EAP"
"2293","EAP"
"2294","EAP"
"2295","MWS"
"2296","MWS"
"2297","MWS"
"2298","MWS"
"2299","EAP"
"2300","EAP"
"2301","MWS"
"2302","MWS"
"2303","EAP"
"2304","MWS"
"2305","MWS"
"2306","MWS"
"2307","EAP"
"2308","EAP"
"2309","MWS"
"2310","EAP"
"2311","MWS"
"2312","MWS"
"2313","MWS"
"2314","MWS"
"2315","EAP"
"2316","MWS"
"2317","EAP"
"2318","EAP"
"2319","MWS"
"2320","EAP"
"2321","MWS"
"2322","MWS"
"2323","MWS"
"2324","MWS"
"2325","MWS"
"2326","MWS"
"2327","EAP"
"2328","EAP"
"2329","MWS"
"2330","EAP"
"2331","HPL"
"2332","EAP"
"2333","MWS"
"2334","MWS"
"2335","MWS"
"2336","EAP"
"2337","MWS"
"2338","MWS"
"2339","MWS"
"2340","EAP"
"2341","EAP"
"2342","EAP"
"2343","MWS"
"2344","MWS"
"2345","EAP"
"2346","MWS"
"2347","EAP"
"2348","EAP"
"2349","MWS"
"2350","HPL"
"2351","MWS"
"2352","EAP"
"2353","EAP"
"2354","EAP"
"2355","MWS"
"2356","EAP"
"2357","MWS"
"2358","MWS"
"2359","EAP"
"2360","MWS"
"2361","EAP"
"2362","EAP"
"2363","EAP"
"2364","EAP"
"2365","MWS"
"2366","MWS"
"2367","MWS"
"2368","EAP"
"2369","MWS"
"2370","EAP"
"2371","EAP"
"2372","EAP"
"2373","MWS"
"2374","MWS"
"2375","MWS"
"2376","MWS"
"2377","MWS"
"2378","HPL"
"2379","MWS"
"2380","EAP"
"2381","MWS"
"2382","MWS"
"2383","MWS"
"2384","MWS"
"2385","MWS"
"2386","MWS"
"2387","EAP"
"2388","EAP"
"2389","MWS"
"2390","MWS"
"2391","EAP"
"2392","MWS"
"2393","HPL"
"2394","MWS"
"2395","MWS"
"2396","EAP"
"2397","EAP"
"2398","EAP"
"2399","MWS"
"2400","MWS"
"2401","MWS"
"2402","MWS"
"2403","EAP"
"2404","MWS"
"2405","MWS"
"2406","EAP"
"2407","EAP"
"2408","MWS"
"2409","EAP"
"2410","EAP"
"2411","MWS"
"2412","MWS"
"2413","EAP"
"2414","HPL"
"2415","EAP"
"2416","MWS"
"2417","EAP"
"2418","EAP"
"2419","EAP"
"2420","MWS"
"2421","MWS"
"2422","EAP"
"2423","EAP"
"2424","MWS"
"2425","MWS"
"2426","MWS"
"2427","MWS"
"2428","MWS"
"2429","EAP"
"2430","EAP"
"2431","MWS"
"2432","MWS"
"2433","MWS"
"2434","EAP"
"2435","EAP"
"2436","MWS"
"2437","MWS"
"2438","MWS"
"2439","EAP"
"2440","MWS"
"2441","EAP"
"2442","EAP"
"2443","MWS"
"2444","EAP"
"2445","MWS"
"2446","EAP"
"2447","EAP"
"2448","EAP"
"2449","MWS"
"2450","MWS"
"2451","EAP"
"2452","EAP"
"2453","MWS"
"2454","MWS"
"2455","MWS"
"2456","EAP"
"2457","MWS"
"2458","MWS"
"2459","MWS"
"2460","EAP"
"2461","MWS"
"2462","MWS"
"2463","MWS"
"2464","MWS"
"2465","MWS"
"2466","MWS"
"2467","EAP"
"2468","EAP"
"2469","EAP"
"2470","HPL"
"2471","MWS"
"2472","MWS"
"2473","MWS"
"2474","MWS"
"2475","EAP"
"2476","EAP"
"2477","MWS"
"2478","EAP"
"2479","MWS"
"2480","EAP"
"2481","EAP"
"2482","EAP"
"2483","EAP"
"2484","MWS"
"2485","MWS"
"2486","MWS"
"2487","MWS"
"2488","EAP"
"2489","MWS"
"2490","MWS"
"2491","MWS"
"2492","MWS"
"2493","MWS"
"2494","EAP"
"2495","EAP"
"2496","MWS"
"2497","MWS"
"2498","MWS"
"2499","MWS"
"2500","EAP"
"2501","MWS"
"2502","MWS"
"2503","MWS"
"2504","MWS"
"2505","MWS"
"2506","MWS"
"2507","EAP"
"2508","MWS"
"2509","MWS"
"2510","EAP"
"2511","EAP"
"2512","EAP"
"2513","EAP"
"2514","EAP"
"2515","MWS"
"2516","EAP"
"2517","EAP"
"2518","MWS"
"2519","MWS"
"2520","MWS"
"2521","EAP"
"2522","MWS"
"2523","MWS"
"2524","MWS"
"2525","MWS"
"2526","MWS"
"2527","MWS"
"2528","EAP"
"2529","EAP"
"2530","MWS"
"2531","MWS"
"2532","MWS"
"2533","EAP"
"2534","MWS"
"2535","HPL"
"2536","EAP"
"2537","MWS"
"2538","MWS"
"2539","MWS"
"2540","EAP"
"2541","EAP"
"2542","EAP"
"2543","MWS"
"2544","EAP"
"2545","EAP"
"2546","EAP"
"2547","MWS"
"2548","MWS"
"2549","EAP"
"2550","EAP"
"2551","EAP"
"2552","MWS"
"2553","MWS"
"2554","EAP"
"2555","EAP"
"2556","MWS"
"2557","MWS"
"2558","EAP"
"2559","MWS"
"2560","MWS"
"2561","EAP"
"2562","MWS"
"2563","MWS"
"2564","EAP"
"2565","EAP"
"2566","EAP"
"2567","MWS"
"2568","EAP"
"2569","EAP"
"2570","MWS"
"2571","EAP"
"2572","MWS"
"2573","EAP"
"2574","EAP"
"2575","MWS"
"2576","EAP"
"2577","MWS"
"2578","MWS"
"2579","MWS"
"2580","MWS"
"2581","MWS"
"2582","EAP"
"2583","EAP"
"2584","MWS"
"2585","MWS"
"2586","MWS"
"2587","MWS"
"2588","MWS"
"2589","MWS"
"2590","MWS"
"2591","MWS"
"2592","MWS"
"2593","EAP"
"2594","MWS"
"2595","MWS"
"2596","MWS"
"2597","MWS"
"2598","EAP"
"2599","EAP"
"2600","EAP"
"2601","MWS"
"2602","EAP"
"2603","EAP"
"2604","EAP"
"2605","MWS"
"2606","MWS"
"2607","EAP"
"2608","EAP"
"2609","MWS"
"2610","MWS"
"2611","MWS"
"2612","MWS"
"2613","MWS"
"2614","MWS"
"2615","MWS"
"2616","MWS"
"2617","EAP"
"2618","MWS"
"2619","EAP"
"2620","EAP"
"2621","EAP"
"2622","EAP"
"2623","EAP"
"2624","EAP"
"2625","MWS"
"2626","EAP"
"2627","EAP"
"2628","MWS"
"2629","EAP"
"2630","EAP"
"2631","MWS"
"2632","MWS"
"2633","HPL"
"2634","EAP"
"2635","MWS"
"2636","MWS"
"2637","MWS"
"2638","MWS"
"2639","EAP"
"2640","EAP"
"2641","MWS"
"2642","EAP"
"2643","MWS"
"2644","EAP"
"2645","MWS"
"2646","MWS"
"2647","EAP"
"2648","MWS"
"2649","EAP"
"2650","EAP"
"2651","MWS"
"2652","EAP"
"2653","MWS"
"2654","MWS"
"2655","EAP"
"2656","MWS"
"2657","EAP"
"2658","MWS"
"2659","MWS"
"2660","EAP"
"2661","MWS"
"2662","MWS"
"2663","MWS"
"2664","EAP"
"2665","HPL"
"2666","EAP"
"2667","EAP"
"2668","EAP"
"2669","EAP"
"2670","EAP"
"2671","MWS"
"2672","MWS"
"2673","EAP"
"2674","EAP"
"2675","EAP"
"2676","MWS"
"2677","MWS"
"2678","MWS"
"2679","MWS"
"2680","MWS"
"2681","EAP"
"2682","MWS"
"2683","MWS"
"2684","EAP"
"2685","MWS"
"2686","EAP"
"2687","MWS"
"2688","MWS"
"2689","MWS"
"2690","EAP"
"2691","EAP"
"2692","EAP"
"2693","MWS"
"2694","EAP"
"2695","MWS"
"2696","MWS"
"2697","EAP"
"2698","MWS"
"2699","MWS"
"2700","EAP"
"2701","EAP"
"2702","MWS"
"2703","MWS"
"2704","MWS"
"2705","MWS"
"2706","MWS"
"2707","EAP"
"2708","EAP"
"2709","MWS"
"2710","EAP"
"2711","EAP"
"2712","MWS"
"2713","MWS"
"2714","EAP"
"2715","EAP"
"2716","EAP"
"2717","MWS"
"2718","EAP"
"2719","EAP"
"2720","EAP"
"2721","MWS"
"2722","MWS"
"2723","EAP"
"2724","MWS"
"2725","EAP"
"2726","EAP"
"2727","MWS"
"2728","EAP"
"2729","HPL"
"2730","EAP"
"2731","EAP"
"2732","EAP"
"2733","EAP"
"2734","MWS"
"2735","MWS"
"2736","MWS"
"2737","MWS"
"2738","MWS"
"2739","MWS"
"2740","MWS"
"2741","EAP"
"2742","EAP"
"2743","HPL"
"2744","MWS"
"2745","MWS"
"2746","EAP"
"2747","MWS"
"2748","MWS"
"2749","MWS"
"2750","EAP"
"2751","MWS"
"2752","MWS"
"2753","EAP"
"2754","EAP"
"2755","EAP"
"2756","MWS"
"2757","EAP"
"2758","MWS"
"2759","EAP"
"2760","MWS"
"2761","EAP"
"2762","MWS"
"2763","MWS"
"2764","MWS"
"2765","MWS"
"2766","MWS"
"2767","HPL"
"2768","MWS"
"2769","EAP"
"2770","MWS"
"2771","MWS"
"2772","MWS"
"2773","MWS"
"2774","EAP"
"2775","EAP"
"2776","MWS"
"2777","MWS"
"2778","MWS"
"2779","EAP"
"2780","EAP"
"2781","EAP"
"2782","MWS"
"2783","EAP"
"2784","MWS"
"2785","EAP"
"2786","MWS"
"2787","MWS"
"2788","EAP"
"2789","MWS"
"2790","MWS"
"2791","MWS"
"2792","MWS"
"2793","EAP"
"2794","EAP"
"2795","MWS"
"2796","MWS"
"2797","MWS"
"2798","MWS"
"2799","MWS"
"2800","EAP"
"2801","MWS"
"2802","EAP"
"2803","MWS"
"2804","MWS"
"2805","MWS"
"2806","MWS"
"2807","MWS"
"2808","MWS"
"2809","MWS"
"2810","EAP"
"2811","EAP"
"2812","EAP"
"2813","MWS"
"2814","EAP"
"2815","EAP"
"2816","EAP"
"2817","EAP"
"2818","MWS"
"2819","EAP"
"2820","EAP"
"2821","MWS"
"2822","MWS"
"2823","MWS"
"2824","MWS"
"2825","EAP"
"2826","EAP"
"2827","MWS"
"2828","MWS"
"2829","EAP"
"2830","MWS"
"2831","MWS"
"2832","EAP"
"2833","MWS"
"2834","EAP"
"2835","EAP"
"2836","EAP"
"2837","MWS"
"2838","MWS"
"2839","MWS"
"2840","MWS"
"2841","MWS"
"2842","MWS"
"2843","MWS"
"2844","MWS"
"2845","EAP"
"2846","EAP"
"2847","EAP"
"2848","MWS"
"2849","MWS"
"2850","EAP"
"2851","MWS"
"2852","EAP"
"2853","EAP"
"2854","MWS"
"2855","MWS"
"2856","MWS"
"2857","EAP"
"2858","MWS"
"2859","EAP"
"2860","MWS"
"2861","MWS"
"2862","EAP"
"2863","MWS"
"2864","MWS"
"2865","MWS"
"2866","EAP"
"2867","EAP"
"2868","MWS"
"2869","EAP"
"2870","EAP"
"2871","MWS"
"2872","MWS"
"2873","MWS"
"2874","HPL"
"2875","EAP"
"2876","EAP"
"2877","MWS"
"2878","EAP"
"2879","EAP"
"2880","MWS"
"2881","EAP"
"2882","EAP"
"2883","MWS"
"2884","EAP"
"2885","EAP"
"2886","MWS"
"2887","EAP"
"2888","EAP"
"2889","EAP"
"2890","EAP"
"2891","MWS"
"2892","MWS"
"2893","MWS"
"2894","MWS"
"2895","EAP"
"2896","MWS"
"2897","MWS"
"2898","EAP"
"2899","MWS"
"2900","EAP"
"2901","EAP"
"2902","MWS"
"2903","EAP"
"2904","EAP"
"2905","EAP"
"2906","EAP"
"2907","MWS"
"2908","MWS"
"2909","MWS"
"2910","EAP"
"2911","MWS"
"2912","MWS"
"2913","MWS"
"2914","MWS"
"2915","EAP"
"2916","EAP"
"2917","MWS"
"2918","MWS"
"2919","EAP"
"2920","EAP"
"2921","MWS"
"2922","EAP"
"2923","MWS"
"2924","EAP"
"2925","MWS"
"2926","MWS"
"2927","EAP"
"2928","EAP"
"2929","MWS"
"2930","EAP"
"2931","MWS"
"2932","EAP"
"2933","MWS"
"2934","MWS"
"2935","MWS"
"2936","EAP"
"2937","MWS"
"2938","MWS"
"2939","EAP"
"2940","EAP"
"2941","MWS"
"2942","MWS"
"2943","MWS"
"2944","MWS"
"2945","EAP"
"2946","EAP"
"2947","MWS"
"2948","EAP"
"2949","MWS"
"2950","EAP"
"2951","MWS"
"2952","MWS"
"2953","EAP"
"2954","MWS"
"2955","MWS"
"2956","EAP"
"2957","MWS"
"2958","EAP"
"2959","EAP"
"2960","EAP"
"2961","MWS"
"2962","MWS"
"2963","MWS"
"2964","EAP"
"2965","EAP"
"2966","EAP"
"2967","EAP"
"2968","MWS"
"2969","MWS"
"2970","MWS"
"2971","MWS"
"2972","MWS"
"2973","MWS"
"2974","EAP"
"2975","MWS"
"2976","EAP"
"2977","EAP"
"2978","MWS"
"2979","HPL"
"2980","EAP"
"2981","EAP"
"2982","EAP"
"2983","MWS"
"2984","EAP"
"2985","EAP"
"2986","EAP"
"2987","MWS"
"2988","MWS"
"2989","MWS"
"2990","EAP"
"2991","EAP"
"2992","EAP"
"2993","MWS"
"2994","MWS"
"2995","MWS"
"2996","EAP"
"2997","MWS"
"2998","EAP"
"2999","MWS"
"3000","MWS"
"3001","EAP"
"3002","EAP"
"3003","MWS"
"3004","MWS"
"3005","EAP"
"3006","EAP"
"3007","EAP"
"3008","MWS"
"3009","MWS"
"3010","EAP"
"3011","MWS"
"3012","MWS"
"3013","EAP"
"3014","EAP"
"3015","MWS"
"3016","MWS"
"3017","MWS"
"3018","MWS"
"3019","MWS"
"3020","EAP"
"3021","EAP"
"3022","MWS"
"3023","MWS"
"3024","MWS"
"3025","MWS"
"3026","EAP"
"3027","HPL"
"3028","MWS"
"3029","MWS"
"3030","MWS"
"3031","EAP"
"3032","MWS"
"3033","MWS"
"3034","EAP"
"3035","EAP"
"3036","MWS"
"3037","MWS"
"3038","MWS"
"3039","MWS"
"3040","EAP"
"3041","MWS"
"3042","MWS"
"3043","EAP"
"3044","MWS"
"3045","MWS"
"3046","HPL"
"3047","MWS"
"3048","MWS"
"3049","EAP"
"3050","MWS"
"3051","EAP"
"3052","MWS"
"3053","MWS"
"3054","MWS"
"3055","EAP"
"3056","MWS"
"3057","EAP"
"3058","MWS"
"3059","MWS"
"3060","EAP"
"3061","EAP"
"3062","MWS"
"3063","MWS"
"3064","EAP"
"3065","MWS"
"3066","MWS"
"3067","EAP"
"3068","EAP"
"3069","EAP"
"3070","EAP"
"3071","MWS"
"3072","MWS"
"3073","EAP"
"3074","HPL"
"3075","MWS"
"3076","EAP"
"3077","EAP"
"3078","MWS"
"3079","MWS"
"3080","MWS"
"3081","MWS"
"3082","MWS"
"3083","EAP"
"3084","MWS"
"3085","MWS"
"3086","MWS"
"3087","EAP"
"3088","MWS"
"3089","MWS"
"3090","MWS"
"3091","HPL"
"3092","EAP"
"3093","MWS"
"3094","EAP"
"3095","MWS"
"3096","MWS"
"3097","MWS"
"3098","EAP"
"3099","MWS"
"3100","MWS"
"3101","MWS"
"3102","MWS"
"3103","EAP"
"3104","EAP"
"3105","MWS"
"3106","MWS"
"3107","EAP"
"3108","MWS"
"3109","MWS"
"3110","MWS"
"3111","EAP"
"3112","EAP"
"3113","EAP"
"3114","MWS"
"3115","MWS"
"3116","EAP"
"3117","MWS"
"3118","EAP"
"3119","HPL"
"3120","MWS"
"3121","EAP"
"3122","EAP"
"3123","MWS"
"3124","MWS"
"3125","EAP"
"3126","EAP"
"3127","MWS"
"3128","MWS"
"3129","EAP"
"3130","EAP"
"3131","EAP"
"3132","EAP"
"3133","EAP"
"3134","EAP"
"3135","MWS"
"3136","EAP"
"3137","EAP"
"3138","EAP"
"3139","MWS"
"3140","MWS"
"3141","MWS"
"3142","MWS"
"3143","MWS"
"3144","MWS"
"3145","MWS"
"3146","MWS"
"3147","EAP"
"3148","EAP"
"3149","MWS"
"3150","EAP"
"3151","EAP"
"3152","MWS"
"3153","MWS"
"3154","EAP"
"3155","MWS"
"3156","EAP"
"3157","EAP"
"3158","MWS"
"3159","MWS"
"3160","EAP"
"3161","MWS"
"3162","MWS"
"3163","EAP"
"3164","MWS"
"3165","MWS"
"3166","HPL"
"3167","MWS"
"3168","MWS"
"3169","MWS"
"3170","EAP"
"3171","MWS"
"3172","MWS"
"3173","EAP"
"3174","MWS"
"3175","MWS"
"3176","MWS"
"3177","MWS"
"3178","MWS"
"3179","MWS"
"3180","EAP"
"3181","EAP"
"3182","MWS"
"3183","MWS"
"3184","MWS"
"3185","MWS"
"3186","EAP"
"3187","EAP"
"3188","MWS"
"3189","HPL"
"3190","MWS"
"3191","EAP"
"3192","EAP"
"3193","MWS"
"3194","EAP"
"3195","EAP"
"3196","MWS"
"3197","EAP"
"3198","MWS"
"3199","MWS"
"3200","MWS"
"3201","MWS"
"3202","MWS"
"3203","MWS"
"3204","HPL"
"3205","MWS"
"3206","MWS"
"3207","EAP"
"3208","MWS"
"3209","MWS"
"3210","EAP"
"3211","MWS"
"3212","MWS"
"3213","MWS"
"3214","MWS"
"3215","EAP"
"3216","EAP"
"3217","MWS"
"3218","MWS"
"3219","MWS"
"3220","EAP"
"3221","EAP"
"3222","EAP"
"3223","EAP"
"3224","EAP"
"3225","MWS"
"3226","MWS"
"3227","EAP"
"3228","EAP"
"3229","MWS"
"3230","HPL"
"3231","HPL"
"3232","MWS"
"3233","MWS"
"3234","EAP"
"3235","MWS"
"3236","MWS"
"3237","MWS"
"3238","EAP"
"3239","MWS"
"3240","MWS"
"3241","MWS"
"3242","EAP"
"3243","EAP"
"3244","MWS"
"3245","MWS"
"3246","MWS"
"3247","MWS"
"3248","MWS"
"3249","EAP"
"3250","EAP"
"3251","MWS"
"3252","MWS"
"3253","EAP"
"3254","MWS"
"3255","EAP"
"3256","EAP"
"3257","EAP"
"3258","MWS"
"3259","EAP"
"3260","MWS"
"3261","EAP"
"3262","EAP"
"3263","EAP"
"3264","EAP"
"3265","EAP"
"3266","MWS"
"3267","MWS"
"3268","MWS"
"3269","EAP"
"3270","EAP"
"3271","EAP"
"3272","EAP"
"3273","MWS"
"3274","MWS"
"3275","MWS"
"3276","EAP"
"3277","EAP"
"3278","HPL"
"3279","EAP"
"3280","MWS"
"3281","EAP"
"3282","MWS"
"3283","MWS"
"3284","EAP"
"3285","EAP"
"3286","MWS"
"3287","MWS"
"3288","MWS"
"3289","MWS"
"3290","MWS"
"3291","MWS"
"3292","EAP"
"3293","MWS"
"3294","MWS"
"3295","EAP"
"3296","MWS"
"3297","MWS"
"3298","EAP"
"3299","MWS"
"3300","MWS"
"3301","EAP"
"3302","MWS"
"3303","MWS"
"3304","MWS"
"3305","EAP"
"3306","EAP"
"3307","MWS"
"3308","MWS"
"3309","MWS"
"3310","EAP"
"3311","EAP"
"3312","EAP"
"3313","EAP"
"3314","EAP"
"3315","EAP"
"3316","MWS"
"3317","MWS"
"3318","EAP"
"3319","MWS"
"3320","MWS"
"3321","HPL"
"3322","EAP"
"3323","EAP"
"3324","EAP"
"3325","MWS"
"3326","EAP"
"3327","MWS"
"3328","MWS"
"3329","MWS"
"3330","MWS"
"3331","EAP"
"3332","HPL"
"3333","MWS"
"3334","MWS"
"3335","MWS"
"3336","MWS"
"3337","MWS"
"3338","HPL"
"3339","EAP"
"3340","MWS"
"3341","EAP"
"3342","EAP"
"3343","MWS"
"3344","EAP"
"3345","EAP"
"3346","EAP"
"3347","EAP"
"3348","EAP"
"3349","MWS"
"3350","MWS"
"3351","EAP"
"3352","MWS"
"3353","EAP"
"3354","EAP"
"3355","MWS"
"3356","EAP"
"3357","MWS"
"3358","EAP"
"3359","MWS"
"3360","EAP"
"3361","MWS"
"3362","MWS"
"3363","EAP"
"3364","MWS"
"3365","MWS"
"3366","EAP"
"3367","MWS"
"3368","EAP"
"3369","MWS"
"3370","MWS"
"3371","EAP"
"3372","MWS"
"3373","MWS"
"3374","EAP"
"3375","EAP"
"3376","MWS"
"3377","MWS"
"3378","MWS"
"3379","MWS"
"3380","MWS"
"3381","MWS"
"3382","EAP"
"3383","MWS"
"3384","MWS"
"3385","MWS"
"3386","MWS"
"3387","HPL"
"3388","EAP"
"3389","HPL"
"3390","MWS"
"3391","MWS"
"3392","MWS"
"3393","MWS"
"3394","MWS"
"3395","MWS"
"3396","EAP"
"3397","MWS"
"3398","MWS"
"3399","MWS"
"3400","MWS"
"3401","EAP"
"3402","MWS"
"3403","MWS"
"3404","MWS"
"3405","MWS"
"3406","MWS"
"3407","MWS"
"3408","MWS"
"3409","EAP"
"3410","HPL"
"3411","MWS"
"3412","MWS"
"3413","EAP"
"3414","MWS"
"3415","EAP"
"3416","MWS"
"3417","EAP"
"3418","EAP"
"3419","EAP"
"3420","MWS"
"3421","MWS"
"3422","EAP"
"3423","MWS"
"3424","EAP"
"3425","EAP"
"3426","EAP"
"3427","MWS"
"3428","MWS"
"3429","EAP"
"3430","MWS"
"3431","EAP"
"3432","MWS"
"3433","EAP"
"3434","EAP"
"3435","MWS"
"3436","MWS"
"3437","MWS"
"3438","MWS"
"3439","EAP"
"3440","MWS"
"3441","MWS"
"3442","EAP"
"3443","MWS"
"3444","EAP"
"3445","MWS"
"3446","MWS"
"3447","MWS"
"3448","EAP"
"3449","MWS"
"3450","EAP"
"3451","MWS"
"3452","EAP"
"3453","MWS"
"3454","MWS"
"3455","MWS"
"3456","EAP"
"3457","HPL"
"3458","MWS"
"3459","EAP"
"3460","MWS"
"3461","MWS"
"3462","EAP"
"3463","EAP"
"3464","MWS"
"3465","EAP"
"3466","EAP"
"3467","EAP"
"3468","MWS"
"3469","MWS"
"3470","EAP"
"3471","MWS"
"3472","MWS"
"3473","MWS"
"3474","EAP"
"3475","MWS"
"3476","MWS"
"3477","EAP"
"3478","EAP"
"3479","MWS"
"3480","EAP"
"3481","MWS"
"3482","EAP"
"3483","MWS"
"3484","MWS"
"3485","MWS"
"3486","MWS"
"3487","MWS"
"3488","EAP"
"3489","MWS"
"3490","EAP"
"3491","MWS"
"3492","EAP"
"3493","EAP"
"3494","MWS"
"3495","MWS"
"3496","MWS"
"3497","MWS"
"3498","MWS"
"3499","MWS"
"3500","MWS"
"3501","MWS"
"3502","MWS"
"3503","MWS"
"3504","MWS"
"3505","EAP"
"3506","EAP"
"3507","EAP"
"3508","EAP"
"3509","EAP"
"3510","MWS"
"3511","EAP"
"3512","MWS"
"3513","EAP"
"3514","MWS"
"3515","EAP"
"3516","EAP"
"3517","HPL"
"3518","EAP"
"3519","MWS"
"3520","MWS"
"3521","EAP"
"3522","EAP"
"3523","EAP"
"3524","EAP"
"3525","MWS"
"3526","EAP"
"3527","MWS"
"3528","MWS"
"3529","MWS"
"3530","EAP"
"3531","EAP"
"3532","MWS"
"3533","MWS"
"3534","MWS"
"3535","EAP"
"3536","EAP"
"3537","MWS"
"3538","EAP"
"3539","EAP"
"3540","MWS"
"3541","MWS"
"3542","HPL"
"3543","MWS"
"3544","HPL"
"3545","EAP"
"3546","EAP"
"3547","EAP"
"3548","EAP"
"3549","MWS"
"3550","MWS"
"3551","MWS"
"3552","MWS"
"3553","MWS"
"3554","EAP"
"3555","MWS"
"3556","MWS"
"3557","HPL"
"3558","EAP"
"3559","MWS"
"3560","MWS"
"3561","MWS"
"3562","MWS"
"3563","MWS"
"3564","MWS"
"3565","MWS"
"3566","MWS"
"3567","MWS"
"3568","EAP"
"3569","EAP"
"3570","MWS"
"3571","MWS"
"3572","MWS"
"3573","EAP"
"3574","EAP"
"3575","MWS"
"3576","EAP"
"3577","MWS"
"3578","MWS"
"3579","MWS"
"3580","MWS"
"3581","MWS"
"3582","MWS"
"3583","MWS"
"3584","MWS"
"3585","EAP"
"3586","EAP"
"3587","EAP"
"3588","MWS"
"3589","EAP"
"3590","EAP"
"3591","EAP"
"3592","MWS"
"3593","EAP"
"3594","EAP"
"3595","MWS"
"3596","MWS"
"3597","EAP"
"3598","MWS"
"3599","EAP"
"3600","MWS"
"3601","MWS"
"3602","MWS"
"3603","EAP"
"3604","MWS"
"3605","EAP"
"3606","MWS"
"3607","MWS"
"3608","MWS"
"3609","MWS"
"3610","EAP"
"3611","MWS"
"3612","EAP"
"3613","MWS"
"3614","MWS"
"3615","MWS"
"3616","MWS"
"3617","EAP"
"3618","MWS"
"3619","EAP"
"3620","MWS"
"3621","EAP"
"3622","MWS"
"3623","MWS"
"3624","EAP"
"3625","MWS"
"3626","EAP"
"3627","EAP"
"3628","MWS"
"3629","MWS"
"3630","MWS"
"3631","HPL"
"3632","EAP"
"3633","EAP"
"3634","EAP"
"3635","MWS"
"3636","MWS"
"3637","MWS"
"3638","MWS"
"3639","MWS"
"3640","MWS"
"3641","EAP"
"3642","EAP"
"3643","MWS"
"3644","MWS"
"3645","MWS"
"3646","MWS"
"3647","EAP"
"3648","MWS"
"3649","MWS"
"3650","MWS"
"3651","EAP"
"3652","EAP"
"3653","MWS"
"3654","MWS"
"3655","MWS"
"3656","EAP"
"3657","MWS"
"3658","MWS"
"3659","MWS"
"3660","EAP"
"3661","EAP"
"3662","MWS"
"3663","MWS"
"3664","MWS"
"3665","MWS"
"3666","EAP"
"3667","EAP"
"3668","MWS"
"3669","MWS"
"3670","MWS"
"3671","MWS"
"3672","EAP"
"3673","EAP"
"3674","EAP"
"3675","MWS"
"3676","MWS"
"3677","MWS"
"3678","EAP"
"3679","EAP"
"3680","HPL"
"3681","EAP"
"3682","EAP"
"3683","EAP"
"3684","MWS"
"3685","EAP"
"3686","MWS"
"3687","EAP"
"3688","MWS"
"3689","MWS"
"3690","EAP"
"3691","MWS"
"3692","MWS"
"3693","MWS"
"3694","MWS"
"3695","EAP"
"3696","MWS"
"3697","MWS"
"3698","MWS"
"3699","EAP"
"3700","MWS"
"3701","MWS"
"3702","MWS"
"3703","EAP"
"3704","MWS"
"3705","EAP"
"3706","MWS"
"3707","EAP"
"3708","MWS"
"3709","MWS"
"3710","MWS"
"3711","MWS"
"3712","EAP"
"3713","HPL"
"3714","EAP"
"3715","MWS"
"3716","EAP"
"3717","MWS"
"3718","EAP"
"3719","EAP"
"3720","EAP"
"3721","MWS"
"3722","MWS"
"3723","EAP"
"3724","HPL"
"3725","EAP"
"3726","EAP"
"3727","EAP"
"3728","EAP"
"3729","MWS"
"3730","EAP"
"3731","EAP"
"3732","EAP"
"3733","MWS"
"3734","MWS"
"3735","EAP"
"3736","MWS"
"3737","MWS"
"3738","MWS"
"3739","EAP"
"3740","MWS"
"3741","MWS"
"3742","MWS"
"3743","MWS"
"3744","MWS"
"3745","MWS"
"3746","MWS"
"3747","MWS"
"3748","MWS"
"3749","MWS"
"3750","MWS"
"3751","EAP"
"3752","EAP"
"3753","MWS"
"3754","MWS"
"3755","MWS"
"3756","EAP"
"3757","MWS"
"3758","MWS"
"3759","MWS"
"3760","MWS"
"3761","EAP"
"3762","EAP"
"3763","EAP"
"3764","MWS"
"3765","MWS"
"3766","EAP"
"3767","EAP"
"3768","EAP"
"3769","MWS"
"3770","MWS"
"3771","EAP"
"3772","MWS"
"3773","EAP"
"3774","EAP"
"3775","MWS"
"3776","MWS"
"3777","EAP"
"3778","MWS"
"3779","MWS"
"3780","EAP"
"3781","MWS"
"3782","EAP"
"3783","EAP"
"3784","MWS"
"3785","MWS"
"3786","MWS"
"3787","MWS"
"3788","MWS"
"3789","EAP"
"3790","MWS"
"3791","MWS"
"3792","EAP"
"3793","MWS"
"3794","EAP"
"3795","EAP"
"3796","EAP"
"3797","MWS"
"3798","MWS"
"3799","EAP"
"3800","MWS"
"3801","EAP"
"3802","MWS"
"3803","MWS"
"3804","MWS"
"3805","MWS"
"3806","EAP"
"3807","MWS"
"3808","MWS"
"3809","EAP"
"3810","MWS"
"3811","MWS"
"3812","MWS"
"3813","MWS"
"3814","MWS"
"3815","MWS"
"3816","MWS"
"3817","MWS"
"3818","MWS"
"3819","MWS"
"3820","EAP"
"3821","MWS"
"3822","EAP"
"3823","MWS"
"3824","MWS"
"3825","EAP"
"3826","MWS"
"3827","EAP"
"3828","EAP"
"3829","MWS"
"3830","EAP"
"3831","MWS"
"3832","MWS"
"3833","EAP"
"3834","MWS"
"3835","MWS"
"3836","EAP"
"3837","MWS"
"3838","EAP"
"3839","EAP"
"3840","EAP"
"3841","EAP"
"3842","MWS"
"3843","MWS"
"3844","EAP"
"3845","EAP"
"3846","MWS"
"3847","EAP"
"3848","EAP"
"3849","MWS"
"3850","MWS"
"3851","EAP"
"3852","EAP"
"3853","MWS"
"3854","MWS"
"3855","EAP"
"3856","EAP"
"3857","MWS"
"3858","MWS"
"3859","EAP"
"3860","MWS"
"3861","EAP"
"3862","MWS"
"3863","EAP"
"3864","MWS"
"3865","MWS"
"3866","MWS"
"3867","MWS"
"3868","MWS"
"3869","EAP"
"3870","EAP"
"3871","MWS"
"3872","EAP"
"3873","HPL"
"3874","MWS"
"3875","EAP"
"3876","HPL"
"3877","MWS"
"3878","MWS"
"3879","MWS"
"3880","MWS"
"3881","MWS"
"3882","EAP"
"3883","EAP"
"3884","MWS"
"3885","EAP"
"3886","MWS"
"3887","EAP"
"3888","MWS"
"3889","EAP"
"3890","MWS"
"3891","EAP"
"3892","EAP"
"3893","EAP"
"3894","MWS"
"3895","MWS"
"3896","HPL"
"3897","EAP"
"3898","EAP"
"3899","EAP"
"3900","EAP"
"3901","EAP"
"3902","MWS"
"3903","MWS"
"3904","HPL"
"3905","MWS"
"3906","EAP"
"3907","EAP"
"3908","EAP"
"3909","MWS"
"3910","MWS"
"3911","EAP"
"3912","EAP"
"3913","EAP"
"3914","HPL"
"3915","MWS"
"3916","MWS"
"3917","MWS"
"3918","MWS"
"3919","EAP"
"3920","EAP"
"3921","MWS"
"3922","MWS"
"3923","MWS"
"3924","EAP"
"3925","MWS"
"3926","MWS"
"3927","EAP"
"3928","EAP"
"3929","MWS"
"3930","MWS"
"3931","MWS"
"3932","EAP"
"3933","MWS"
"3934","EAP"
"3935","EAP"
"3936","EAP"
"3937","MWS"
"3938","EAP"
"3939","EAP"
"3940","MWS"
"3941","MWS"
"3942","MWS"
"3943","MWS"
"3944","MWS"
"3945","MWS"
"3946","MWS"
"3947","MWS"
"3948","MWS"
"3949","EAP"
"3950","EAP"
"3951","MWS"
"3952","EAP"
"3953","MWS"
"3954","MWS"
"3955","EAP"
"3956","EAP"
"3957","MWS"
"3958","EAP"
"3959","EAP"
"3960","EAP"
"3961","EAP"
"3962","MWS"
"3963","EAP"
"3964","MWS"
"3965","EAP"
"3966","EAP"
"3967","MWS"
"3968","MWS"
"3969","MWS"
"3970","MWS"
"3971","MWS"
"3972","MWS"
"3973","MWS"
"3974","EAP"
"3975","EAP"
"3976","MWS"
"3977","MWS"
"3978","MWS"
"3979","EAP"
"3980","MWS"
"3981","EAP"
"3982","MWS"
"3983","MWS"
"3984","EAP"
"3985","EAP"
"3986","MWS"
"3987","EAP"
"3988","MWS"
"3989","MWS"
"3990","MWS"
"3991","MWS"
"3992","EAP"
"3993","EAP"
"3994","MWS"
"3995","EAP"
"3996","MWS"
"3997","EAP"
"3998","MWS"
"3999","EAP"
"4000","MWS"
"4001","MWS"
"4002","MWS"
"4003","EAP"
"4004","EAP"
"4005","EAP"
"4006","EAP"
"4007","EAP"
"4008","MWS"
"4009","MWS"
"4010","EAP"
"4011","EAP"
"4012","MWS"
"4013","MWS"
"4014","EAP"
"4015","MWS"
"4016","MWS"
"4017","MWS"
"4018","EAP"
"4019","EAP"
"4020","EAP"
"4021","EAP"
"4022","EAP"
"4023","MWS"
"4024","MWS"
"4025","EAP"
"4026","MWS"
"4027","EAP"
"4028","EAP"
"4029","EAP"
"4030","EAP"
"4031","MWS"
"4032","EAP"
"4033","MWS"
"4034","MWS"
"4035","EAP"
"4036","MWS"
"4037","MWS"
"4038","MWS"
"4039","EAP"
"4040","MWS"
"4041","MWS"
"4042","MWS"
"4043","EAP"
"4044","MWS"
"4045","EAP"
"4046","EAP"
"4047","MWS"
"4048","EAP"
"4049","MWS"
"4050","MWS"
"4051","MWS"
"4052","MWS"
"4053","MWS"
"4054","MWS"
"4055","EAP"
"4056","EAP"
"4057","MWS"
"4058","EAP"
"4059","EAP"
"4060","MWS"
"4061","MWS"
"4062","MWS"
"4063","EAP"
"4064","MWS"
"4065","EAP"
"4066","EAP"
"4067","MWS"
"4068","EAP"
"4069","EAP"
"4070","MWS"
"4071","EAP"
"4072","MWS"
"4073","EAP"
"4074","EAP"
"4075","EAP"
"4076","MWS"
"4077","MWS"
"4078","MWS"
"4079","MWS"
"4080","EAP"
"4081","MWS"
"4082","MWS"
"4083","MWS"
"4084","EAP"
"4085","MWS"
"4086","MWS"
"4087","MWS"
"4088","EAP"
"4089","MWS"
"4090","EAP"
"4091","EAP"
"4092","MWS"
"4093","MWS"
"4094","MWS"
"4095","MWS"
"4096","MWS"
"4097","MWS"
"4098","EAP"
"4099","EAP"
"4100","EAP"
"4101","MWS"
"4102","EAP"
"4103","EAP"
"4104","EAP"
"4105","MWS"
"4106","MWS"
"4107","MWS"
"4108","EAP"
"4109","EAP"
"4110","EAP"
"4111","EAP"
"4112","HPL"
"4113","EAP"
"4114","EAP"
"4115","MWS"
"4116","MWS"
"4117","EAP"
"4118","MWS"
"4119","EAP"
"4120","MWS"
"4121","EAP"
"4122","EAP"
"4123","EAP"
"4124","EAP"
"4125","MWS"
"4126","EAP"
"4127","EAP"
"4128","MWS"
"4129","MWS"
"4130","MWS"
"4131","EAP"
"4132","MWS"
"4133","EAP"
"4134","MWS"
"4135","MWS"
"4136","MWS"
"4137","EAP"
"4138","HPL"
"4139","MWS"
"4140","MWS"
"4141","MWS"
"4142","MWS"
"4143","MWS"
"4144","EAP"
"4145","EAP"
"4146","MWS"
"4147","EAP"
"4148","EAP"
"4149","MWS"
"4150","EAP"
"4151","MWS"
"4152","HPL"
"4153","EAP"
"4154","MWS"
"4155","MWS"
"4156","EAP"
"4157","EAP"
"4158","EAP"
"4159","EAP"
"4160","EAP"
"4161","MWS"
"4162","EAP"
"4163","EAP"
"4164","MWS"
"4165","HPL"
"4166","EAP"
"4167","MWS"
"4168","EAP"
"4169","MWS"
"4170","EAP"
"4171","MWS"
"4172","MWS"
"4173","EAP"
"4174","MWS"
"4175","MWS"
"4176","MWS"
"4177","EAP"
"4178","MWS"
"4179","MWS"
"4180","MWS"
"4181","MWS"
"4182","EAP"
"4183","EAP"
"4184","HPL"
"4185","MWS"
"4186","MWS"
"4187","MWS"
"4188","EAP"
"4189","EAP"
"4190","EAP"
"4191","MWS"
"4192","MWS"
"4193","MWS"
"4194","EAP"
"4195","MWS"
"4196","EAP"
"4197","EAP"
"4198","MWS"
"4199","EAP"
"4200","MWS"
"4201","EAP"
"4202","MWS"
"4203","EAP"
"4204","MWS"
"4205","MWS"
"4206","MWS"
"4207","MWS"
"4208","MWS"
"4209","EAP"
"4210","MWS"
"4211","EAP"
"4212","MWS"
"4213","MWS"
"4214","EAP"
"4215","HPL"
"4216","EAP"
"4217","MWS"
"4218","HPL"
"4219","MWS"
"4220","MWS"
"4221","MWS"
"4222","MWS"
"4223","MWS"
"4224","EAP"
"4225","EAP"
"4226","EAP"
"4227","EAP"
"4228","MWS"
"4229","MWS"
"4230","MWS"
"4231","EAP"
"4232","MWS"
"4233","EAP"
"4234","MWS"
"4235","EAP"
"4236","MWS"
"4237","EAP"
"4238","EAP"
"4239","EAP"
"4240","MWS"
"4241","MWS"
"4242","MWS"
"4243","EAP"
"4244","EAP"
"4245","EAP"
"4246","EAP"
"4247","MWS"
"4248","EAP"
"4249","MWS"
"4250","MWS"
"4251","MWS"
"4252","MWS"
"4253","MWS"
"4254","EAP"
"4255","MWS"
"4256","EAP"
"4257","MWS"
"4258","MWS"
"4259","EAP"
"4260","EAP"
"4261","MWS"
"4262","MWS"
"4263","EAP"
"4264","EAP"
"4265","MWS"
"4266","MWS"
"4267","EAP"
"4268","MWS"
"4269","MWS"
"4270","MWS"
"4271","MWS"
"4272","MWS"
"4273","MWS"
"4274","EAP"
"4275","MWS"
"4276","MWS"
"4277","EAP"
"4278","EAP"
"4279","MWS"
"4280","MWS"
"4281","EAP"
"4282","MWS"
"4283","MWS"
"4284","MWS"
"4285","EAP"
"4286","MWS"
"4287","MWS"
"4288","EAP"
"4289","MWS"
"4290","MWS"
"4291","EAP"
"4292","EAP"
"4293","HPL"
"4294","MWS"
"4295","MWS"
"4296","EAP"
"4297","EAP"
"4298","MWS"
"4299","MWS"
"4300","EAP"
"4301","MWS"
"4302","MWS"
"4303","EAP"
"4304","MWS"
"4305","MWS"
"4306","EAP"
"4307","MWS"
"4308","MWS"
"4309","EAP"
"4310","EAP"
"4311","MWS"
"4312","EAP"
"4313","EAP"
"4314","EAP"
"4315","EAP"
"4316","EAP"
"4317","EAP"
"4318","EAP"
"4319","MWS"
"4320","EAP"
"4321","MWS"
"4322","MWS"
"4323","MWS"
"4324","MWS"
"4325","MWS"
"4326","MWS"
"4327","MWS"
"4328","EAP"
"4329","MWS"
"4330","MWS"
"4331","EAP"
"4332","MWS"
"4333","MWS"
"4334","MWS"
"4335","MWS"
"4336","MWS"
"4337","EAP"
"4338","MWS"
"4339","MWS"
"4340","EAP"
"4341","MWS"
"4342","MWS"
"4343","MWS"
"4344","MWS"
"4345","MWS"
"4346","MWS"
"4347","MWS"
"4348","MWS"
"4349","EAP"
"4350","EAP"
"4351","HPL"
"4352","EAP"
"4353","EAP"
"4354","EAP"
"4355","MWS"
"4356","EAP"
"4357","MWS"
"4358","MWS"
"4359","EAP"
"4360","EAP"
"4361","EAP"
"4362","HPL"
"4363","EAP"
"4364","EAP"
"4365","MWS"
"4366","MWS"
"4367","HPL"
"4368","MWS"
"4369","MWS"
"4370","EAP"
"4371","MWS"
"4372","EAP"
"4373","EAP"
"4374","MWS"
"4375","EAP"
"4376","EAP"
"4377","MWS"
"4378","EAP"
"4379","EAP"
"4380","EAP"
"4381","EAP"
"4382","EAP"
"4383","MWS"
"4384","MWS"
"4385","EAP"
"4386","MWS"
"4387","MWS"
"4388","EAP"
"4389","EAP"
"4390","EAP"
"4391","MWS"
"4392","HPL"
"4393","HPL"
"4394","EAP"
"4395","MWS"
"4396","MWS"
"4397","MWS"
"4398","MWS"
"4399","MWS"
"4400","MWS"
"4401","EAP"
"4402","HPL"
"4403","MWS"
"4404","MWS"
"4405","MWS"
"4406","MWS"
"4407","MWS"
"4408","MWS"
"4409","MWS"
"4410","MWS"
"4411","MWS"
"4412","EAP"
"4413","EAP"
"4414","MWS"
"4415","MWS"
"4416","MWS"
"4417","MWS"
"4418","EAP"
"4419","EAP"
"4420","EAP"
"4421","MWS"
"4422","EAP"
"4423","MWS"
"4424","MWS"
"4425","EAP"
"4426","MWS"
"4427","EAP"
"4428","EAP"
"4429","MWS"
"4430","MWS"
"4431","MWS"
"4432","EAP"
"4433","MWS"
"4434","HPL"
"4435","MWS"
"4436","EAP"
"4437","EAP"
"4438","EAP"
"4439","MWS"
"4440","EAP"
"4441","EAP"
"4442","MWS"
"4443","EAP"
"4444","EAP"
"4445","MWS"
"4446","MWS"
"4447","MWS"
"4448","EAP"
"4449","EAP"
"4450","MWS"
"4451","MWS"
"4452","EAP"
"4453","MWS"
"4454","EAP"
"4455","EAP"
"4456","MWS"
"4457","EAP"
"4458","EAP"
"4459","MWS"
"4460","MWS"
"4461","EAP"
"4462","MWS"
"4463","MWS"
"4464","EAP"
"4465","MWS"
"4466","MWS"
"4467","MWS"
"4468","MWS"
"4469","MWS"
"4470","EAP"
"4471","MWS"
"4472","MWS"
"4473","EAP"
"4474","MWS"
"4475","MWS"
"4476","MWS"
"4477","EAP"
"4478","EAP"
"4479","EAP"
"4480","MWS"
"4481","EAP"
"4482","EAP"
"4483","HPL"
"4484","MWS"
"4485","MWS"
"4486","MWS"
"4487","EAP"
"4488","MWS"
"4489","MWS"
"4490","MWS"
"4491","EAP"
"4492","MWS"
"4493","MWS"
"4494","MWS"
"4495","EAP"
"4496","MWS"
"4497","MWS"
"4498","EAP"
"4499","EAP"
"4500","EAP"
"4501","EAP"
"4502","EAP"
"4503","MWS"
"4504","EAP"
"4505","EAP"
"4506","HPL"
"4507","MWS"
"4508","MWS"
"4509","EAP"
"4510","MWS"
"4511","MWS"
"4512","MWS"
"4513","MWS"
"4514","EAP"
"4515","MWS"
"4516","EAP"
"4517","MWS"
"4518","MWS"
"4519","MWS"
"4520","MWS"
"4521","MWS"
"4522","EAP"
"4523","MWS"
"4524","EAP"
"4525","EAP"
"4526","MWS"
"4527","EAP"
"4528","EAP"
"4529","MWS"
"4530","MWS"
"4531","MWS"
"4532","EAP"
"4533","EAP"
"4534","MWS"
"4535","MWS"
"4536","MWS"
"4537","EAP"
"4538","MWS"
"4539","MWS"
"4540","EAP"
"4541","EAP"
"4542","EAP"
"4543","MWS"
"4544","MWS"
"4545","MWS"
"4546","EAP"
"4547","MWS"
"4548","EAP"
"4549","EAP"
"4550","EAP"
"4551","MWS"
"4552","MWS"
"4553","MWS"
"4554","EAP"
"4555","HPL"
"4556","MWS"
"4557","EAP"
"4558","EAP"
"4559","MWS"
"4560","MWS"
"4561","EAP"
"4562","MWS"
"4563","MWS"
"4564","MWS"
"4565","MWS"
"4566","EAP"
"4567","EAP"
"4568","EAP"
"4569","MWS"
"4570","MWS"
"4571","EAP"
"4572","MWS"
"4573","MWS"
"4574","MWS"
"4575","MWS"
"4576","MWS"
"4577","EAP"
"4578","MWS"
"4579","MWS"
"4580","MWS"
"4581","EAP"
"4582","MWS"
"4583","MWS"
"4584","MWS"
"4585","MWS"
"4586","MWS"
"4587","EAP"
"4588","EAP"
"4589","MWS"
"4590","MWS"
"4591","MWS"
"4592","EAP"
"4593","MWS"
"4594","EAP"
"4595","EAP"
"4596","MWS"
"4597","EAP"
"4598","EAP"
"4599","MWS"
"4600","MWS"
"4601","MWS"
"4602","MWS"
"4603","EAP"
"4604","EAP"
"4605","EAP"
"4606","MWS"
"4607","MWS"
"4608","MWS"
"4609","EAP"
"4610","HPL"
"4611","EAP"
"4612","EAP"
"4613","MWS"
"4614","MWS"
"4615","MWS"
"4616","MWS"
"4617","MWS"
"4618","MWS"
"4619","MWS"
"4620","EAP"
"4621","EAP"
"4622","MWS"
"4623","MWS"
"4624","MWS"
"4625","EAP"
"4626","MWS"
"4627","MWS"
"4628","MWS"
"4629","MWS"
"4630","EAP"
"4631","MWS"
"4632","EAP"
"4633","MWS"
"4634","MWS"
"4635","EAP"
"4636","MWS"
"4637","MWS"
"4638","EAP"
"4639","EAP"
"4640","EAP"
"4641","EAP"
"4642","EAP"
"4643","MWS"
"4644","EAP"
"4645","EAP"
"4646","MWS"
"4647","EAP"
"4648","MWS"
"4649","MWS"
"4650","EAP"
"4651","HPL"
"4652","EAP"
"4653","EAP"
"4654","EAP"
"4655","MWS"
"4656","MWS"
"4657","MWS"
"4658","MWS"
"4659","EAP"
"4660","MWS"
"4661","EAP"
"4662","MWS"
"4663","EAP"
"4664","EAP"
"4665","EAP"
"4666","EAP"
"4667","MWS"
"4668","MWS"
"4669","EAP"
"4670","MWS"
"4671","MWS"
"4672","MWS"
"4673","MWS"
"4674","EAP"
"4675","MWS"
"4676","EAP"
"4677","MWS"
"4678","EAP"
"4679","HPL"
"4680","EAP"
"4681","MWS"
"4682","MWS"
"4683","EAP"
"4684","EAP"
"4685","MWS"
"4686","EAP"
"4687","MWS"
"4688","MWS"
"4689","HPL"
"4690","MWS"
"4691","MWS"
"4692","MWS"
"4693","MWS"
"4694","EAP"
"4695","EAP"
"4696","MWS"
"4697","MWS"
"4698","MWS"
"4699","EAP"
"4700","MWS"
"4701","MWS"
"4702","EAP"
"4703","EAP"
"4704","EAP"
"4705","MWS"
"4706","EAP"
"4707","MWS"
"4708","MWS"
"4709","EAP"
"4710","EAP"
"4711","EAP"
"4712","EAP"
"4713","EAP"
"4714","MWS"
"4715","EAP"
"4716","EAP"
"4717","MWS"
"4718","MWS"
"4719","EAP"
"4720","MWS"
"4721","EAP"
"4722","EAP"
"4723","EAP"
"4724","EAP"
"4725","MWS"
"4726","MWS"
"4727","MWS"
"4728","EAP"
"4729","MWS"
"4730","HPL"
"4731","EAP"
"4732","MWS"
"4733","MWS"
"4734","MWS"
"4735","MWS"
"4736","EAP"
"4737","MWS"
"4738","EAP"
"4739","EAP"
"4740","EAP"
"4741","EAP"
"4742","MWS"
"4743","EAP"
"4744","MWS"
"4745","MWS"
"4746","MWS"
"4747","MWS"
"4748","MWS"
"4749","MWS"
"4750","EAP"
"4751","EAP"
"4752","MWS"
"4753","EAP"
"4754","MWS"
"4755","MWS"
"4756","MWS"
"4757","EAP"
"4758","MWS"
"4759","EAP"
"4760","MWS"
"4761","EAP"
"4762","MWS"
"4763","HPL"
"4764","MWS"
"4765","MWS"
"4766","MWS"
"4767","HPL"
"4768","MWS"
"4769","EAP"
"4770","EAP"
"4771","EAP"
"4772","EAP"
"4773","MWS"
"4774","MWS"
"4775","MWS"
"4776","EAP"
"4777","EAP"
"4778","MWS"
"4779","EAP"
"4780","MWS"
"4781","MWS"
"4782","MWS"
"4783","MWS"
"4784","EAP"
"4785","MWS"
"4786","EAP"
"4787","EAP"
"4788","MWS"
"4789","MWS"
"4790","MWS"
"4791","MWS"
"4792","MWS"
"4793","MWS"
"4794","EAP"
"4795","MWS"
"4796","EAP"
"4797","MWS"
"4798","MWS"
"4799","EAP"
"4800","EAP"
"4801","MWS"
"4802","MWS"
"4803","MWS"
"4804","EAP"
"4805","MWS"
"4806","EAP"
"4807","EAP"
"4808","MWS"
"4809","MWS"
"4810","MWS"
"4811","MWS"
"4812","MWS"
"4813","MWS"
"4814","MWS"
"4815","EAP"
"4816","MWS"
"4817","EAP"
"4818","MWS"
"4819","MWS"
"4820","MWS"
"4821","MWS"
"4822","MWS"
"4823","MWS"
"4824","EAP"
"4825","MWS"
"4826","MWS"
"4827","EAP"
"4828","EAP"
"4829","MWS"
"4830","EAP"
"4831","EAP"
"4832","MWS"
"4833","EAP"
"4834","EAP"
"4835","EAP"
"4836","MWS"
"4837","MWS"
"4838","MWS"
"4839","MWS"
"4840","EAP"
"4841","MWS"
"4842","MWS"
"4843","MWS"
"4844","EAP"
"4845","EAP"
"4846","MWS"
"4847","MWS"
"4848","EAP"
"4849","MWS"
"4850","EAP"
"4851","EAP"
"4852","EAP"
"4853","MWS"
"4854","MWS"
"4855","MWS"
"4856","MWS"
"4857","MWS"
"4858","EAP"
"4859","MWS"
"4860","EAP"
"4861","MWS"
"4862","MWS"
"4863","EAP"
"4864","EAP"
"4865","EAP"
"4866","EAP"
"4867","MWS"
"4868","EAP"
"4869","EAP"
"4870","HPL"
"4871","MWS"
"4872","MWS"
"4873","MWS"
"4874","MWS"
"4875","MWS"
"4876","MWS"
"4877","EAP"
"4878","MWS"
"4879","MWS"
"4880","MWS"
"4881","MWS"
"4882","MWS"
"4883","EAP"
"4884","EAP"
"4885","EAP"
"4886","EAP"
"4887","MWS"
"4888","MWS"
"4889","EAP"
"4890","MWS"
"4891","MWS"
"4892","MWS"
"4893","MWS"
"4894","MWS"
"4895","MWS"
"4896","EAP"
"4897","EAP"
"4898","MWS"
"4899","MWS"
"4900","MWS"
"4901","MWS"
"4902","MWS"
"4903","MWS"
"4904","MWS"
"4905","MWS"
"4906","MWS"
"4907","EAP"
"4908","EAP"
"4909","HPL"
"4910","MWS"
"4911","MWS"
"4912","EAP"
"4913","MWS"
"4914","MWS"
"4915","MWS"
"4916","MWS"
"4917","MWS"
"4918","MWS"
"4919","EAP"
"4920","MWS"
"4921","MWS"
"4922","MWS"
"4923","EAP"
"4924","EAP"
"4925","MWS"
"4926","MWS"
"4927","MWS"
"4928","MWS"
"4929","EAP"
"4930","MWS"
"4931","MWS"
"4932","EAP"
"4933","MWS"
"4934","MWS"
"4935","EAP"
"4936","EAP"
"4937","EAP"
"4938","MWS"
"4939","MWS"
"4940","MWS"
"4941","MWS"
"4942","MWS"
"4943","EAP"
"4944","EAP"
"4945","MWS"
"4946","MWS"
"4947","EAP"
"4948","MWS"
"4949","MWS"
"4950","MWS"
"4951","MWS"
"4952","EAP"
"4953","EAP"
"4954","MWS"
"4955","EAP"
"4956","EAP"
"4957","MWS"
"4958","MWS"
"4959","EAP"
"4960","MWS"
"4961","EAP"
"4962","EAP"
"4963","MWS"
"4964","EAP"
"4965","MWS"
"4966","MWS"
"4967","EAP"
"4968","MWS"
"4969","MWS"
"4970","EAP"
"4971","EAP"
"4972","MWS"
"4973","EAP"
"4974","MWS"
"4975","EAP"
"4976","MWS"
"4977","MWS"
"4978","MWS"
"4979","EAP"
"4980","MWS"
"4981","MWS"
"4982","MWS"
"4983","MWS"
"4984","EAP"
"4985","MWS"
"4986","MWS"
"4987","EAP"
"4988","MWS"
"4989","MWS"
"4990","MWS"
"4991","EAP"
"4992","EAP"
"4993","EAP"
"4994","MWS"
"4995","MWS"
"4996","EAP"
"4997","MWS"
"4998","EAP"
"4999","EAP"
"5000","EAP"
"5001","MWS"
"5002","MWS"
"5003","EAP"
"5004","MWS"
"5005","MWS"
"5006","MWS"
"5007","MWS"
"5008","EAP"
"5009","MWS"
"5010","EAP"
"5011","MWS"
"5012","MWS"
"5013","EAP"
"5014","EAP"
"5015","EAP"
"5016","EAP"
"5017","EAP"
"5018","MWS"
"5019","MWS"
"5020","MWS"
"5021","EAP"
"5022","EAP"
"5023","MWS"
"5024","EAP"
"5025","MWS"
"5026","MWS"
"5027","EAP"
"5028","EAP"
"5029","EAP"
"5030","MWS"
"5031","MWS"
"5032","EAP"
"5033","EAP"
"5034","MWS"
"5035","EAP"
"5036","EAP"
"5037","EAP"
"5038","MWS"
"5039","MWS"
"5040","EAP"
"5041","MWS"
"5042","HPL"
"5043","MWS"
"5044","MWS"
"5045","MWS"
"5046","MWS"
"5047","MWS"
"5048","EAP"
"5049","MWS"
"5050","EAP"
"5051","EAP"
"5052","MWS"
"5053","EAP"
"5054","EAP"
"5055","EAP"
"5056","MWS"
"5057","EAP"
"5058","MWS"
"5059","EAP"
"5060","MWS"
"5061","MWS"
"5062","MWS"
"5063","EAP"
"5064","EAP"
"5065","MWS"
"5066","MWS"
"5067","EAP"
"5068","EAP"
"5069","MWS"
"5070","EAP"
"5071","EAP"
"5072","EAP"
"5073","MWS"
"5074","MWS"
"5075","MWS"
"5076","EAP"
"5077","HPL"
"5078","MWS"
"5079","MWS"
"5080","EAP"
"5081","HPL"
"5082","EAP"
"5083","MWS"
"5084","MWS"
"5085","EAP"
"5086","MWS"
"5087","MWS"
"5088","MWS"
"5089","EAP"
"5090","MWS"
"5091","EAP"
"5092","MWS"
"5093","MWS"
"5094","MWS"
"5095","EAP"
"5096","MWS"
"5097","EAP"
"5098","EAP"
"5099","MWS"
"5100","MWS"
"5101","EAP"
"5102","EAP"
"5103","MWS"
"5104","MWS"
"5105","EAP"
"5106","MWS"
"5107","MWS"
"5108","MWS"
"5109","MWS"
"5110","MWS"
"5111","EAP"
"5112","EAP"
"5113","MWS"
"5114","EAP"
"5115","MWS"
"5116","MWS"
"5117","MWS"
"5118","MWS"
"5119","EAP"
"5120","MWS"
"5121","EAP"
"5122","EAP"
"5123","MWS"
"5124","MWS"
"5125","MWS"
"5126","MWS"
"5127","MWS"
"5128","EAP"
"5129","EAP"
"5130","MWS"
"5131","HPL"
"5132","MWS"
"5133","MWS"
"5134","EAP"
"5135","EAP"
"5136","MWS"
"5137","EAP"
"5138","EAP"
"5139","MWS"
"5140","HPL"
"5141","MWS"
"5142","MWS"
"5143","EAP"
"5144","MWS"
"5145","MWS"
"5146","MWS"
"5147","MWS"
"5148","EAP"
"5149","MWS"
"5150","MWS"
"5151","MWS"
"5152","EAP"
"5153","EAP"
"5154","EAP"
"5155","MWS"
"5156","MWS"
"5157","EAP"
"5158","MWS"
"5159","MWS"
"5160","EAP"
"5161","MWS"
"5162","MWS"
"5163","MWS"
"5164","EAP"
"5165","EAP"
"5166","MWS"
"5167","EAP"
"5168","MWS"
"5169","EAP"
"5170","EAP"
"5171","HPL"
"5172","MWS"
"5173","MWS"
"5174","MWS"
"5175","EAP"
"5176","MWS"
"5177","MWS"
"5178","MWS"
"5179","EAP"
"5180","MWS"
"5181","EAP"
"5182","EAP"
"5183","MWS"
"5184","MWS"
"5185","MWS"
"5186","MWS"
"5187","MWS"
"5188","EAP"
"5189","MWS"
"5190","EAP"
"5191","MWS"
"5192","EAP"
"5193","MWS"
"5194","MWS"
"5195","MWS"
"5196","MWS"
"5197","EAP"
"5198","HPL"
"5199","MWS"
"5200","MWS"
"5201","EAP"
"5202","EAP"
"5203","MWS"
"5204","EAP"
"5205","EAP"
"5206","EAP"
"5207","MWS"
"5208","EAP"
"5209","MWS"
"5210","MWS"
"5211","MWS"
"5212","EAP"
"5213","EAP"
"5214","EAP"
"5215","EAP"
"5216","EAP"
"5217","MWS"
"5218","MWS"
"5219","EAP"
"5220","MWS"
"5221","MWS"
"5222","MWS"
"5223","EAP"
"5224","MWS"
"5225","MWS"
"5226","MWS"
"5227","EAP"
"5228","MWS"
"5229","MWS"
"5230","MWS"
"5231","MWS"
"5232","MWS"
"5233","MWS"
"5234","EAP"
"5235","MWS"
"5236","EAP"
"5237","MWS"
"5238","MWS"
"5239","MWS"
"5240","EAP"
"5241","MWS"
"5242","EAP"
"5243","EAP"
"5244","MWS"
"5245","MWS"
"5246","MWS"
"5247","MWS"
"5248","EAP"
"5249","MWS"
"5250","MWS"
"5251","EAP"
"5252","MWS"
"5253","MWS"
"5254","MWS"
"5255","EAP"
"5256","EAP"
"5257","EAP"
"5258","EAP"
"5259","MWS"
"5260","EAP"
"5261","MWS"
"5262","EAP"
"5263","EAP"
"5264","MWS"
"5265","MWS"
"5266","EAP"
"5267","MWS"
"5268","MWS"
"5269","EAP"
"5270","MWS"
"5271","MWS"
"5272","MWS"
"5273","EAP"
"5274","MWS"
"5275","MWS"
"5276","MWS"
"5277","MWS"
"5278","EAP"
"5279","HPL"
"5280","EAP"
"5281","MWS"
"5282","EAP"
"5283","EAP"
"5284","EAP"
"5285","MWS"
"5286","MWS"
"5287","EAP"
"5288","MWS"
"5289","MWS"
"5290","MWS"
"5291","EAP"
"5292","MWS"
"5293","MWS"
"5294","MWS"
"5295","EAP"
"5296","MWS"
"5297","MWS"
"5298","MWS"
"5299","EAP"
"5300","EAP"
"5301","MWS"
"5302","EAP"
"5303","MWS"
"5304","EAP"
"5305","MWS"
"5306","MWS"
"5307","MWS"
"5308","MWS"
"5309","MWS"
"5310","MWS"
"5311","EAP"
"5312","EAP"
"5313","MWS"
"5314","EAP"
"5315","MWS"
"5316","MWS"
"5317","EAP"
"5318","MWS"
"5319","MWS"
"5320","EAP"
"5321","MWS"
"5322","MWS"
"5323","MWS"
"5324","EAP"
"5325","EAP"
"5326","MWS"
"5327","MWS"
"5328","MWS"
"5329","MWS"
"5330","EAP"
"5331","MWS"
"5332","EAP"
"5333","MWS"
"5334","MWS"
"5335","MWS"
"5336","HPL"
"5337","HPL"
"5338","EAP"
"5339","MWS"
"5340","EAP"
"5341","EAP"
"5342","MWS"
"5343","MWS"
"5344","MWS"
"5345","EAP"
"5346","MWS"
"5347","EAP"
"5348","EAP"
"5349","EAP"
"5350","EAP"
"5351","EAP"
"5352","MWS"
"5353","EAP"
"5354","EAP"
"5355","EAP"
"5356","EAP"
"5357","MWS"
"5358","EAP"
"5359","MWS"
"5360","EAP"
"5361","EAP"
"5362","MWS"
"5363","MWS"
"5364","MWS"
"5365","MWS"
"5366","EAP"
"5367","EAP"
"5368","MWS"
"5369","MWS"
"5370","EAP"
"5371","MWS"
"5372","MWS"
"5373","EAP"
"5374","EAP"
"5375","EAP"
"5376","EAP"
"5377","MWS"
"5378","MWS"
"5379","EAP"
"5380","MWS"
"5381","EAP"
"5382","EAP"
"5383","MWS"
"5384","EAP"
"5385","EAP"
"5386","MWS"
"5387","MWS"
"5388","MWS"
"5389","EAP"
"5390","EAP"
"5391","EAP"
"5392","MWS"
"5393","MWS"
"5394","EAP"
"5395","MWS"
"5396","MWS"
"5397","MWS"
"5398","EAP"
"5399","MWS"
"5400","MWS"
"5401","MWS"
"5402","EAP"
"5403","EAP"
"5404","MWS"
"5405","EAP"
"5406","MWS"
"5407","EAP"
"5408","MWS"
"5409","MWS"
"5410","EAP"
"5411","EAP"
"5412","MWS"
"5413","EAP"
"5414","MWS"
"5415","MWS"
"5416","EAP"
"5417","EAP"
"5418","EAP"
"5419","EAP"
"5420","EAP"
"5421","MWS"
"5422","MWS"
"5423","EAP"
"5424","MWS"
"5425","EAP"
"5426","MWS"
"5427","MWS"
"5428","MWS"
"5429","MWS"
"5430","EAP"
"5431","EAP"
"5432","MWS"
"5433","EAP"
"5434","MWS"
"5435","MWS"
"5436","MWS"
"5437","MWS"
"5438","EAP"
"5439","EAP"
"5440","MWS"
"5441","MWS"
"5442","MWS"
"5443","EAP"
"5444","MWS"
"5445","MWS"
"5446","EAP"
"5447","MWS"
"5448","EAP"
"5449","MWS"
"5450","EAP"
"5451","MWS"
"5452","MWS"
"5453","MWS"
"5454","EAP"
"5455","EAP"
"5456","MWS"
"5457","EAP"
"5458","MWS"
"5459","MWS"
"5460","MWS"
"5461","MWS"
"5462","EAP"
"5463","MWS"
"5464","EAP"
"5465","MWS"
"5466","EAP"
"5467","EAP"
"5468","EAP"
"5469","MWS"
"5470","EAP"
"5471","EAP"
"5472","EAP"
"5473","EAP"
"5474","MWS"
"5475","MWS"
"5476","MWS"
"5477","EAP"
"5478","MWS"
"5479","MWS"
"5480","MWS"
"5481","EAP"
"5482","EAP"
"5483","MWS"
"5484","EAP"
"5485","MWS"
"5486","MWS"
"5487","EAP"
"5488","EAP"
"5489","MWS"
"5490","EAP"
"5491","EAP"
"5492","MWS"
"5493","MWS"
"5494","MWS"
"5495","MWS"
"5496","EAP"
"5497","MWS"
"5498","EAP"
"5499","MWS"
"5500","EAP"
"5501","EAP"
"5502","MWS"
"5503","EAP"
"5504","EAP"
"5505","EAP"
"5506","HPL"
"5507","MWS"
"5508","EAP"
"5509","MWS"
"5510","EAP"
"5511","EAP"
"5512","MWS"
"5513","EAP"
"5514","MWS"
"5515","MWS"
"5516","EAP"
"5517","MWS"
"5518","MWS"
"5519","EAP"
"5520","EAP"
"5521","MWS"
"5522","EAP"
"5523","EAP"
"5524","MWS"
"5525","EAP"
"5526","MWS"
"5527","MWS"
"5528","MWS"
"5529","MWS"
"5530","MWS"
"5531","MWS"
"5532","MWS"
"5533","MWS"
"5534","MWS"
"5535","MWS"
"5536","MWS"
"5537","EAP"
"5538","MWS"
"5539","MWS"
"5540","EAP"
"5541","MWS"
"5542","MWS"
"5543","MWS"
"5544","EAP"
"5545","MWS"
"5546","EAP"
"5547","MWS"
"5548","MWS"
"5549","MWS"
"5550","EAP"
"5551","EAP"
"5552","MWS"
"5553","EAP"
"5554","MWS"
"5555","MWS"
"5556","EAP"
"5557","EAP"
"5558","MWS"
"5559","MWS"
"5560","MWS"
"5561","MWS"
"5562","MWS"
"5563","MWS"
"5564","EAP"
"5565","MWS"
"5566","MWS"
"5567","MWS"
"5568","MWS"
"5569","MWS"
"5570","EAP"
"5571","EAP"
"5572","MWS"
"5573","MWS"
"5574","EAP"
"5575","MWS"
"5576","EAP"
"5577","MWS"
"5578","MWS"
"5579","MWS"
"5580","EAP"
"5581","EAP"
"5582","MWS"
"5583","HPL"
"5584","MWS"
"5585","MWS"
"5586","EAP"
"5587","MWS"
"5588","MWS"
"5589","MWS"
"5590","EAP"
"5591","MWS"
"5592","MWS"
"5593","MWS"
"5594","MWS"
"5595","MWS"
"5596","MWS"
"5597","EAP"
"5598","MWS"
"5599","EAP"
"5600","EAP"
"5601","MWS"
"5602","EAP"
"5603","EAP"
"5604","MWS"
"5605","MWS"
"5606","EAP"
"5607","MWS"
"5608","MWS"
"5609","MWS"
"5610","EAP"
"5611","HPL"
"5612","MWS"
"5613","MWS"
"5614","MWS"
"5615","MWS"
"5616","EAP"
"5617","EAP"
"5618","MWS"
"5619","MWS"
"5620","EAP"
"5621","MWS"
"5622","MWS"
"5623","MWS"
"5624","MWS"
"5625","MWS"
"5626","MWS"
"5627","EAP"
"5628","EAP"
"5629","EAP"
"5630","MWS"
"5631","EAP"
"5632","MWS"
"5633","MWS"
"5634","MWS"
"5635","MWS"
"5636","EAP"
"5637","EAP"
"5638","MWS"
"5639","MWS"
"5640","MWS"
"5641","MWS"
"5642","EAP"
"5643","EAP"
"5644","MWS"
"5645","MWS"
"5646","MWS"
"5647","EAP"
"5648","EAP"
"5649","MWS"
"5650","EAP"
"5651","MWS"
"5652","MWS"
"5653","MWS"
"5654","MWS"
"5655","EAP"
"5656","MWS"
"5657","MWS"
"5658","MWS"
"5659","MWS"
"5660","MWS"
"5661","EAP"
"5662","MWS"
"5663","MWS"
"5664","MWS"
"5665","MWS"
"5666","EAP"
"5667","MWS"
"5668","MWS"
"5669","MWS"
"5670","EAP"
"5671","MWS"
"5672","MWS"
"5673","EAP"
"5674","EAP"
"5675","EAP"
"5676","MWS"
"5677","MWS"
"5678","EAP"
"5679","MWS"
"5680","MWS"
"5681","MWS"
"5682","MWS"
"5683","EAP"
"5684","MWS"
"5685","EAP"
"5686","MWS"
"5687","EAP"
"5688","MWS"
"5689","MWS"
"5690","EAP"
"5691","MWS"
"5692","EAP"
"5693","MWS"
"5694","EAP"
"5695","MWS"
"5696","MWS"
"5697","EAP"
"5698","MWS"
"5699","MWS"
"5700","EAP"
"5701","MWS"
"5702","EAP"
"5703","MWS"
"5704","EAP"
"5705","MWS"
"5706","MWS"
"5707","MWS"
"5708","EAP"
"5709","EAP"
"5710","MWS"
"5711","EAP"
"5712","EAP"
"5713","EAP"
"5714","EAP"
"5715","MWS"
"5716","EAP"
"5717","EAP"
"5718","MWS"
"5719","MWS"
"5720","MWS"
"5721","MWS"
"5722","MWS"
"5723","EAP"
"5724","MWS"
"5725","MWS"
"5726","MWS"
"5727","MWS"
"5728","MWS"
"5729","MWS"
"5730","MWS"
"5731","EAP"
"5732","EAP"
"5733","MWS"
"5734","MWS"
"5735","MWS"
"5736","EAP"
"5737","MWS"
"5738","MWS"
"5739","MWS"
"5740","MWS"
"5741","EAP"
"5742","MWS"
"5743","EAP"
"5744","EAP"
"5745","MWS"
"5746","MWS"
"5747","MWS"
"5748","MWS"
"5749","MWS"
"5750","MWS"
"5751","MWS"
"5752","MWS"
"5753","EAP"
"5754","MWS"
"5755","MWS"
"5756","MWS"
"5757","MWS"
"5758","EAP"
"5759","EAP"
"5760","MWS"
"5761","EAP"
"5762","MWS"
"5763","HPL"
"5764","EAP"
"5765","EAP"
"5766","MWS"
"5767","MWS"
"5768","MWS"
"5769","MWS"
"5770","MWS"
"5771","MWS"
"5772","EAP"
"5773","EAP"
"5774","EAP"
"5775","MWS"
"5776","MWS"
"5777","MWS"
"5778","EAP"
"5779","MWS"
"5780","EAP"
"5781","MWS"
"5782","MWS"
"5783","MWS"
"5784","EAP"
"5785","MWS"
"5786","MWS"
"5787","MWS"
"5788","EAP"
"5789","EAP"
"5790","MWS"
"5791","MWS"
"5792","MWS"
"5793","MWS"
"5794","HPL"
"5795","MWS"
"5796","MWS"
"5797","MWS"
"5798","EAP"
"5799","MWS"
"5800","EAP"
"5801","EAP"
"5802","MWS"
"5803","EAP"
"5804","MWS"
"5805","MWS"
"5806","MWS"
"5807","EAP"
"5808","EAP"
"5809","MWS"
"5810","MWS"
"5811","MWS"
"5812","MWS"
"5813","EAP"
"5814","HPL"
"5815","EAP"
"5816","HPL"
"5817","EAP"
"5818","EAP"
"5819","MWS"
"5820","EAP"
"5821","MWS"
"5822","MWS"
"5823","MWS"
"5824","MWS"
"5825","MWS"
"5826","EAP"
"5827","MWS"
"5828","MWS"
"5829","EAP"
"5830","MWS"
"5831","MWS"
"5832","EAP"
"5833","MWS"
"5834","MWS"
"5835","MWS"
"5836","EAP"
"5837","EAP"
"5838","MWS"
"5839","MWS"
"5840","MWS"
"5841","MWS"
"5842","MWS"
"5843","EAP"
"5844","EAP"
"5845","MWS"
"5846","MWS"
"5847","MWS"
"5848","EAP"
"5849","MWS"
"5850","MWS"
"5851","EAP"
"5852","EAP"
"5853","MWS"
"5854","EAP"
"5855","HPL"
"5856","MWS"
"5857","EAP"
"5858","EAP"
"5859","EAP"
"5860","MWS"
"5861","EAP"
"5862","MWS"
"5863","EAP"
"5864","MWS"
"5865","MWS"
"5866","EAP"
"5867","EAP"
"5868","MWS"
"5869","EAP"
"5870","MWS"
"5871","MWS"
"5872","MWS"
"5873","MWS"
